platform,platform_org_id,state,likely_school_district,include_in_rollout,notes
boarddocs,oh/ada,OH,True,True,"validated live 2026-07-20 (HTTP 200, browser UA); name/county enrichment pending"
boarddocs,oh/adena,OH,True,True,"validated live 2026-07-20 (HTTP 200, browser UA); name/county enrichment pending"
boarddocs,oh/akron,OH,True,True,"validated live 2026-07-20 (HTTP 200, browser UA); name/county enrichment pending"
boarddocs,oh/alsd,OH,True,True,"validated live 2026-07-20 (HTTP 200, browser UA); name/county enrichment pending"
boarddocs,oh/anna,OH,True,True,"validated live 2026-07-20 (HTTP 200, browser UA); name/county enrichment pending"
boarddocs,oh/arcadia,OH,True,True,"validated live 2026-07-20 (HTTP 200, browser UA); name/county enrichment pending"
boarddocs,oh/athcty,OH,True,True,"validated live 2026-07-20 (HTTP 200, browser UA); name/county enrichment pending"
boarddocs,oh/avonlake,OH,True,True,"validated live 2026-07-20 (HTTP 200, browser UA); name/county enrichment pending"
boarddocs,oh/batavia,OH,True,True,"validated live 2026-07-20 (HTTP 200, browser UA); name/county enrichment pending"
boarddocs,oh/bcs,OH,True,True,"validated live 2026-07-20 (HTTP 200, browser UA); name/county enrichment pending"
boarddocs,oh/bedford,OH,True,True,"validated live 2026-07-20 (HTTP 200, browser UA); name/county enrichment pending"
boarddocs,oh/bellevue,OH,True,True,"validated live 2026-07-20 (HTTP 200, browser UA); name/county enrichment pending"
boarddocs,oh/berea,OH,True,True,"validated live 2026-07-20 (HTTP 200, browser UA); name/county enrichment pending"
boarddocs,oh/betheloh,OH,True,True,"validated live 2026-07-20 (HTTP 200, browser UA); name/county enrichment pending"
boarddocs,oh/bgcsoh,OH,True,True,"validated live 2026-07-20 (HTTP 200, browser UA); name/county enrichment pending"
boarddocs,oh/bloomcarroll,OH,True,True,"validated live 2026-07-20 (HTTP 200, browser UA); name/county enrichment pending"
boarddocs,oh/blsd,OH,True,True,"validated live 2026-07-20 (HTTP 200, browser UA); name/county enrichment pending"
boarddocs,oh/bradford,OH,True,True,"validated live 2026-07-20 (HTTP 200, browser UA); name/county enrichment pending"
boarddocs,oh/brightoh,OH,True,True,"validated live 2026-07-20 (HTTP 200, browser UA); name/county enrichment pending"
boarddocs,oh/bristol,OH,True,True,"validated live 2026-07-20 (HTTP 200, browser UA); name/county enrichment pending"
boarddocs,oh/brookfield,OH,True,True,"validated live 2026-07-20 (HTTP 200, browser UA); name/county enrichment pending"
boarddocs,oh/brooklyn,OH,True,True,"validated live 2026-07-20 (HTTP 200, browser UA); name/county enrichment pending"
boarddocs,oh/brownoh,OH,True,True,"validated live 2026-07-20 (HTTP 200, browser UA); name/county enrichment pending"
boarddocs,oh/bryanoh,OH,True,True,"validated live 2026-07-20 (HTTP 200, browser UA); name/county enrichment pending"
boarddocs,oh/bvls,OH,True,True,"validated live 2026-07-20 (HTTP 200, browser UA); name/county enrichment pending"
boarddocs,oh/caldwell,OH,True,True,"validated live 2026-07-20 (HTTP 200, browser UA); name/county enrichment pending"
boarddocs,oh/cantonoh,OH,True,True,"validated live 2026-07-20 (HTTP 200, browser UA); name/county enrichment pending"
boarddocs,oh/cfalls,OH,True,True,"validated live 2026-07-20 (HTTP 200, browser UA); name/county enrichment pending"
boarddocs,oh/chagrinfalls,OH,True,True,"validated live 2026-07-20 (HTTP 200, browser UA); name/county enrichment pending"
boarddocs,oh/chardon,OH,True,True,"validated live 2026-07-20 (HTTP 200, browser UA); name/county enrichment pending"
boarddocs,oh/chesapeake,OH,True,True,"validated live 2026-07-20 (HTTP 200, browser UA); name/county enrichment pending"
boarddocs,oh/chuh,OH,True,True,"validated live 2026-07-20 (HTTP 200, browser UA); name/county enrichment pending"
boarddocs,oh/clearview,OH,True,True,"validated live 2026-07-20 (HTTP 200, browser UA); name/county enrichment pending"
boarddocs,oh/cleveland,OH,True,True,"validated live 2026-07-20 (HTTP 200, browser UA); name/county enrichment pending"
boarddocs,oh/cloverleaf,OH,True,True,"validated live 2026-07-20 (HTTP 200, browser UA); name/county enrichment pending"
boarddocs,oh/cmsd,OH,True,True,"validated live 2026-07-20 (HTTP 200, browser UA); name/county enrichment pending"
boarddocs,oh/columbus,OH,True,True,"validated live 2026-07-20 (HTTP 200, browser UA); name/county enrichment pending"
boarddocs,oh/coryoh,OH,True,True,"validated live 2026-07-20 (HTTP 200, browser UA); name/county enrichment pending"
boarddocs,oh/covev,OH,True,True,"validated live 2026-07-20 (HTTP 200, browser UA); name/county enrichment pending"
boarddocs,oh/cps,OH,True,True,"validated live 2026-07-20 (HTTP 200, browser UA); name/county enrichment pending"
boarddocs,oh/cuyahoga,OH,True,True,"validated live 2026-07-20 (HTTP 200, browser UA); name/county enrichment pending"
boarddocs,oh/cuyht,OH,True,True,"validated live 2026-07-20 (HTTP 200, browser UA); name/county enrichment pending"
boarddocs,oh/dayton,OH,True,True,"validated live 2026-07-20 (HTTP 200, browser UA); name/county enrichment pending"
boarddocs,oh/dover,OH,True,True,"validated live 2026-07-20 (HTTP 200, browser UA); name/county enrichment pending"
boarddocs,oh/dublin,OH,True,True,"validated live 2026-07-20 (HTTP 200, browser UA); name/county enrichment pending"
boarddocs,oh/eastguernsey,OH,True,True,"validated live 2026-07-20 (HTTP 200, browser UA); name/county enrichment pending"
boarddocs,oh/eastliverpool,OH,True,True,"validated live 2026-07-20 (HTTP 200, browser UA); name/county enrichment pending"
boarddocs,oh/eastwood,OH,True,True,"validated live 2026-07-20 (HTTP 200, browser UA); name/county enrichment pending"
boarddocs,oh/edison,OH,True,True,"validated live 2026-07-20 (HTTP 200, browser UA); name/county enrichment pending"
boarddocs,oh/edon,OH,True,True,"validated live 2026-07-20 (HTTP 200, browser UA); name/county enrichment pending"
boarddocs,oh/elyria,OH,True,True,"validated live 2026-07-20 (HTTP 200, browser UA); name/county enrichment pending"
boarddocs,oh/epal,OH,True,True,"validated live 2026-07-20 (HTTP 200, browser UA); name/county enrichment pending"
boarddocs,oh/esccog,OH,False,False,"validated live 2026-07-20 (HTTP 200, browser UA); name/county enrichment pending; ESC / career center / state agency per research pass - not a single K-12 district"
boarddocs,oh/euclidoh,OH,True,True,"validated live 2026-07-20 (HTTP 200, browser UA); name/county enrichment pending"
boarddocs,oh/fairland,OH,True,True,"validated live 2026-07-20 (HTTP 200, browser UA); name/county enrichment pending"
boarddocs,oh/fairlawn,OH,True,True,"validated live 2026-07-20 (HTTP 200, browser UA); name/county enrichment pending"
boarddocs,oh/findlay,OH,True,True,"validated live 2026-07-20 (HTTP 200, browser UA); name/county enrichment pending"
boarddocs,oh/fortfrye,OH,True,True,"validated live 2026-07-20 (HTTP 200, browser UA); name/county enrichment pending"
boarddocs,oh/gahanna,OH,True,True,"validated live 2026-07-20 (HTTP 200, browser UA); name/county enrichment pending"
boarddocs,oh/galionoh,OH,True,True,"validated live 2026-07-20 (HTTP 200, browser UA); name/county enrichment pending"
boarddocs,oh/garfieldheights,OH,True,True,"validated live 2026-07-20 (HTTP 200, browser UA); name/county enrichment pending"
boarddocs,oh/gcls,OH,True,True,"validated live 2026-07-20 (HTTP 200, browser UA); name/county enrichment pending"
boarddocs,oh/girard,OH,True,True,"validated live 2026-07-20 (HTTP 200, browser UA); name/county enrichment pending"
boarddocs,oh/gjvjvsd,OH,True,True,"validated live 2026-07-20 (HTTP 200, browser UA); name/county enrichment pending"
boarddocs,oh/goitcd,OH,True,True,"validated live 2026-07-20 (HTTP 200, browser UA); name/county enrichment pending"
boarddocs,oh/granville,OH,True,True,"validated live 2026-07-20 (HTTP 200, browser UA); name/county enrichment pending"
boarddocs,oh/greenon,OH,True,True,"validated live 2026-07-20 (HTTP 200, browser UA); name/county enrichment pending"
boarddocs,oh/greenville,OH,True,True,"validated live 2026-07-20 (HTTP 200, browser UA); name/county enrichment pending"
boarddocs,oh/grnvw,OH,True,True,"validated live 2026-07-20 (HTTP 200, browser UA); name/county enrichment pending"
boarddocs,oh/harrisonhills,OH,True,True,"validated live 2026-07-20 (HTTP 200, browser UA); name/county enrichment pending"
boarddocs,oh/heath,OH,True,True,"validated live 2026-07-20 (HTTP 200, browser UA); name/county enrichment pending"
boarddocs,oh/hillsdale,OH,True,True,"validated live 2026-07-20 (HTTP 200, browser UA); name/county enrichment pending"
boarddocs,oh/hlsdoh,OH,True,True,"validated live 2026-07-20 (HTTP 200, browser UA); name/county enrichment pending"
boarddocs,oh/hopewell,OH,True,True,"validated live 2026-07-20 (HTTP 200, browser UA); name/county enrichment pending"
boarddocs,oh/howland,OH,True,True,"validated live 2026-07-20 (HTTP 200, browser UA); name/county enrichment pending"
boarddocs,oh/hudson,OH,True,True,"validated live 2026-07-20 (HTTP 200, browser UA); name/county enrichment pending"
boarddocs,oh/huron,OH,True,True,"validated live 2026-07-20 (HTTP 200, browser UA); name/county enrichment pending"
boarddocs,oh/jtmo,OH,True,True,"validated live 2026-07-20 (HTTP 200, browser UA); name/county enrichment pending"
boarddocs,oh/kenston,OH,True,True,"validated live 2026-07-20 (HTTP 200, browser UA); name/county enrichment pending"
boarddocs,oh/kentcs,OH,True,True,"validated live 2026-07-20 (HTTP 200, browser UA); name/county enrichment pending"
boarddocs,oh/lakota,OH,True,True,"validated live 2026-07-20 (HTTP 200, browser UA); name/county enrichment pending"
boarddocs,oh/lancaster,OH,True,True,"validated live 2026-07-20 (HTTP 200, browser UA); name/county enrichment pending"
boarddocs,oh/lima,OH,True,True,"validated live 2026-07-20 (HTTP 200, browser UA); name/county enrichment pending"
boarddocs,oh/lisbon,OH,True,True,"validated live 2026-07-20 (HTTP 200, browser UA); name/county enrichment pending"
boarddocs,oh/lorain,OH,True,True,"validated live 2026-07-20 (HTTP 200, browser UA); name/county enrichment pending"
boarddocs,oh/lwcsoh,OH,True,True,"validated live 2026-07-20 (HTTP 200, browser UA); name/county enrichment pending"
boarddocs,oh/mapleheights,OH,True,True,"validated live 2026-07-20 (HTTP 200, browser UA); name/county enrichment pending"
boarddocs,oh/marietta,OH,True,True,"validated live 2026-07-20 (HTTP 200, browser UA); name/county enrichment pending"
boarddocs,oh/mason,OH,True,True,"validated live 2026-07-20 (HTTP 200, browser UA); name/county enrichment pending"
boarddocs,oh/massillon,OH,True,True,"validated live 2026-07-20 (HTTP 200, browser UA); name/county enrichment pending"
boarddocs,oh/maumee,OH,True,True,"validated live 2026-07-20 (HTTP 200, browser UA); name/county enrichment pending"
boarddocs,oh/mayoh,OH,True,True,"validated live 2026-07-20 (HTTP 200, browser UA); name/county enrichment pending"
boarddocs,oh/mccomb,OH,True,True,"validated live 2026-07-20 (HTTP 200, browser UA); name/county enrichment pending"
boarddocs,oh/medina,OH,True,True,"validated live 2026-07-20 (HTTP 200, browser UA); name/county enrichment pending"
boarddocs,oh/meigs,OH,True,True,"validated live 2026-07-20 (HTTP 200, browser UA); name/county enrichment pending"
boarddocs,oh/mentor,OH,True,True,"validated live 2026-07-20 (HTTP 200, browser UA); name/county enrichment pending"
boarddocs,oh/miamisburg,OH,True,True,"validated live 2026-07-20 (HTTP 200, browser UA); name/county enrichment pending"
boarddocs,oh/midview,OH,True,True,"validated live 2026-07-20 (HTTP 200, browser UA); name/county enrichment pending"
boarddocs,oh/milford,OH,True,True,"validated live 2026-07-20 (HTTP 200, browser UA); name/county enrichment pending"
boarddocs,oh/minerva,OH,True,True,"validated live 2026-07-20 (HTTP 200, browser UA); name/county enrichment pending"
boarddocs,oh/moesc,OH,False,False,"validated live 2026-07-20 (HTTP 200, browser UA); name/county enrichment pending; ESC / career center / state agency per research pass - not a single K-12 district"
boarddocs,oh/monroe,OH,True,True,"validated live 2026-07-20 (HTTP 200, browser UA); name/county enrichment pending"
boarddocs,oh/morganlocal,OH,True,True,"validated live 2026-07-20 (HTTP 200, browser UA); name/county enrichment pending"
boarddocs,oh/mthcs,OH,True,True,"validated live 2026-07-20 (HTTP 200, browser UA); name/county enrichment pending"
boarddocs,oh/mwu,OH,True,True,"validated live 2026-07-20 (HTTP 200, browser UA); name/county enrichment pending"
boarddocs,oh/nelsonvilleyork,OH,True,True,"validated live 2026-07-20 (HTTP 200, browser UA); name/county enrichment pending"
boarddocs,oh/newark,OH,True,True,"validated live 2026-07-20 (HTTP 200, browser UA); name/county enrichment pending"
boarddocs,oh/niles,OH,True,True,"validated live 2026-07-20 (HTTP 200, browser UA); name/county enrichment pending"
boarddocs,oh/northmont,OH,True,True,"validated live 2026-07-20 (HTTP 200, browser UA); name/county enrichment pending"
boarddocs,oh/nriegel,OH,True,True,"validated live 2026-07-20 (HTTP 200, browser UA); name/county enrichment pending"
boarddocs,oh/nrschools,OH,True,True,"validated live 2026-07-20 (HTTP 200, browser UA); name/county enrichment pending"
boarddocs,oh/nwoesc,OH,False,False,"validated live 2026-07-20 (HTTP 200, browser UA); name/county enrichment pending; ESC / career center / state agency per research pass - not a single K-12 district"
boarddocs,oh/oakwood,OH,True,True,"validated live 2026-07-20 (HTTP 200, browser UA); name/county enrichment pending"
boarddocs,oh/ohfa,OH,False,False,"validated live 2026-07-20 (HTTP 200, browser UA); name/county enrichment pending; ESC / career center / state agency per research pass - not a single K-12 district"
boarddocs,oh/ohschools,OH,True,True,"validated live 2026-07-20 (HTTP 200, browser UA); name/county enrichment pending"
boarddocs,oh/ohulsd,OH,True,True,"validated live 2026-07-20 (HTTP 200, browser UA); name/county enrichment pending"
boarddocs,oh/olenoh,OH,True,True,"validated live 2026-07-20 (HTTP 200, browser UA); name/county enrichment pending"
boarddocs,oh/orange,OH,True,True,"validated live 2026-07-20 (HTTP 200, browser UA); name/county enrichment pending"
boarddocs,oh/oregon,OH,True,True,"validated live 2026-07-20 (HTTP 200, browser UA); name/county enrichment pending"
boarddocs,oh/orrville,OH,True,True,"validated live 2026-07-20 (HTTP 200, browser UA); name/county enrichment pending"
boarddocs,oh/paint,OH,True,True,"validated live 2026-07-20 (HTTP 200, browser UA); name/county enrichment pending"
boarddocs,oh/parkway,OH,True,True,"validated live 2026-07-20 (HTTP 200, browser UA); name/county enrichment pending"
boarddocs,oh/parma,OH,True,True,"validated live 2026-07-20 (HTTP 200, browser UA); name/county enrichment pending"
boarddocs,oh/perkins,OH,True,True,"validated live 2026-07-20 (HTTP 200, browser UA); name/county enrichment pending"
boarddocs,oh/perry,OH,True,True,"validated live 2026-07-20 (HTTP 200, browser UA); name/county enrichment pending"
boarddocs,oh/perrysburg,OH,True,True,"validated live 2026-07-20 (HTTP 200, browser UA); name/county enrichment pending"
boarddocs,oh/piqua,OH,True,True,"validated live 2026-07-20 (HTTP 200, browser UA); name/county enrichment pending"
boarddocs,oh/plainoh,OH,True,True,"validated live 2026-07-20 (HTTP 200, browser UA); name/county enrichment pending"
boarddocs,oh/plsd,OH,True,True,"validated live 2026-07-20 (HTTP 200, browser UA); name/county enrichment pending"
boarddocs,oh/poland,OH,True,True,"validated live 2026-07-20 (HTTP 200, browser UA); name/county enrichment pending"
boarddocs,oh/prcsd,OH,True,True,"validated live 2026-07-20 (HTTP 200, browser UA); name/county enrichment pending"
boarddocs,oh/reyn,OH,True,True,"validated live 2026-07-20 (HTTP 200, browser UA); name/county enrichment pending"
boarddocs,oh/ripley,OH,True,True,"validated live 2026-07-20 (HTTP 200, browser UA); name/county enrichment pending"
boarddocs,oh/river,OH,True,True,"validated live 2026-07-20 (HTTP 200, browser UA); name/county enrichment pending"
boarddocs,oh/riverview,OH,True,True,"validated live 2026-07-20 (HTTP 200, browser UA); name/county enrichment pending"
boarddocs,oh/rlsd,OH,True,True,"validated live 2026-07-20 (HTTP 200, browser UA); name/county enrichment pending"
boarddocs,oh/root,OH,True,True,"validated live 2026-07-20 (HTTP 200, browser UA); name/county enrichment pending"
boarddocs,oh/ross,OH,True,True,"validated live 2026-07-20 (HTTP 200, browser UA); name/county enrichment pending"
boarddocs,oh/sandyoh,OH,True,True,"validated live 2026-07-20 (HTTP 200, browser UA); name/county enrichment pending"
boarddocs,oh/scoesc,OH,False,False,"validated live 2026-07-20 (HTTP 200, browser UA); name/county enrichment pending; ESC / career center / state agency per research pass - not a single K-12 district"
boarddocs,oh/sebring,OH,True,True,"validated live 2026-07-20 (HTTP 200, browser UA); name/county enrichment pending"
boarddocs,oh/shaker,OH,True,True,"validated live 2026-07-20 (HTTP 200, browser UA); name/county enrichment pending"
boarddocs,oh/shawnee,OH,True,True,"validated live 2026-07-20 (HTTP 200, browser UA); name/county enrichment pending"
boarddocs,oh/slsperry,OH,True,True,"validated live 2026-07-20 (HTTP 200, browser UA); name/county enrichment pending"
boarddocs,oh/solo,OH,True,True,"validated live 2026-07-20 (HTTP 200, browser UA); name/county enrichment pending"
boarddocs,oh/southeast,OH,True,True,"validated live 2026-07-20 (HTTP 200, browser UA); name/county enrichment pending"
boarddocs,oh/spencerville,OH,True,True,"validated live 2026-07-20 (HTTP 200, browser UA); name/county enrichment pending"
boarddocs,oh/stclairsville,OH,True,True,"validated live 2026-07-20 (HTTP 200, browser UA); name/county enrichment pending"
boarddocs,oh/steubenville,OH,True,True,"validated live 2026-07-20 (HTTP 200, browser UA); name/county enrichment pending"
boarddocs,oh/streetsboro,OH,True,True,"validated live 2026-07-20 (HTTP 200, browser UA); name/county enrichment pending"
boarddocs,oh/strongoh,OH,True,True,"validated live 2026-07-20 (HTTP 200, browser UA); name/county enrichment pending"
boarddocs,oh/swanton,OH,True,True,"validated live 2026-07-20 (HTTP 200, browser UA); name/county enrichment pending"
boarddocs,oh/swcsoh,OH,True,True,"validated live 2026-07-20 (HTTP 200, browser UA); name/county enrichment pending"
boarddocs,oh/swissohio,OH,True,True,"validated live 2026-07-20 (HTTP 200, browser UA); name/county enrichment pending"
boarddocs,oh/sycamore,OH,True,True,"validated live 2026-07-20 (HTTP 200, browser UA); name/county enrichment pending"
boarddocs,oh/sylvania,OH,True,True,"validated live 2026-07-20 (HTTP 200, browser UA); name/county enrichment pending"
boarddocs,oh/tecumseh,OH,True,True,"validated live 2026-07-20 (HTTP 200, browser UA); name/county enrichment pending"
boarddocs,oh/tipp,OH,True,True,"validated live 2026-07-20 (HTTP 200, browser UA); name/county enrichment pending"
boarddocs,oh/tps,OH,True,True,"validated live 2026-07-20 (HTTP 200, browser UA); name/county enrichment pending"
boarddocs,oh/triway,OH,True,True,"validated live 2026-07-20 (HTTP 200, browser UA); name/county enrichment pending"
boarddocs,oh/tsdoh,OH,True,True,"validated live 2026-07-20 (HTTP 200, browser UA); name/county enrichment pending"
boarddocs,oh/tuslawoh,OH,True,True,"validated live 2026-07-20 (HTTP 200, browser UA); name/county enrichment pending"
boarddocs,oh/twinvalley,OH,True,True,"validated live 2026-07-20 (HTTP 200, browser UA); name/county enrichment pending"
boarddocs,oh/urbana,OH,True,True,"validated live 2026-07-20 (HTTP 200, browser UA); name/county enrichment pending"
boarddocs,oh/van,OH,True,True,"validated live 2026-07-20 (HTTP 200, browser UA); name/county enrichment pending"
boarddocs,oh/vanlue,OH,True,True,"validated live 2026-07-20 (HTTP 200, browser UA); name/county enrichment pending"
boarddocs,oh/vint,OH,True,True,"validated live 2026-07-20 (HTTP 200, browser UA); name/county enrichment pending"
boarddocs,oh/warrenoh,OH,True,True,"validated live 2026-07-20 (HTTP 200, browser UA); name/county enrichment pending"
boarddocs,oh/washlsd,OH,True,True,"validated live 2026-07-20 (HTTP 200, browser UA); name/county enrichment pending"
boarddocs,oh/wccc,OH,False,False,"validated live 2026-07-20 (HTTP 200, browser UA); name/county enrichment pending; ESC / career center / state agency per research pass - not a single K-12 district"
boarddocs,oh/wcesc,OH,False,False,"validated live 2026-07-20 (HTTP 200, browser UA); name/county enrichment pending; ESC / career center / state agency per research pass - not a single K-12 district"
boarddocs,oh/wcscc,OH,False,False,"validated live 2026-07-20 (HTTP 200, browser UA); name/county enrichment pending; ESC / career center / state agency per research pass - not a single K-12 district"
boarddocs,oh/wcsd,OH,True,True,"validated live 2026-07-20 (HTTP 200, browser UA); name/county enrichment pending"
boarddocs,oh/wecs,OH,True,True,"validated live 2026-07-20 (HTTP 200, browser UA); name/county enrichment pending"
boarddocs,oh/westernbrown,OH,True,True,"validated live 2026-07-20 (HTTP 200, browser UA); name/county enrichment pending"
boarddocs,oh/westholmes,OH,True,True,"validated live 2026-07-20 (HTTP 200, browser UA); name/county enrichment pending"
boarddocs,oh/westlake,OH,True,True,"validated live 2026-07-20 (HTTP 200, browser UA); name/county enrichment pending"
boarddocs,oh/whitehall,OH,True,True,"validated live 2026-07-20 (HTTP 200, browser UA); name/county enrichment pending"
boarddocs,oh/wickliffe,OH,True,True,"validated live 2026-07-20 (HTTP 200, browser UA); name/county enrichment pending"
boarddocs,oh/willard,OH,True,True,"validated live 2026-07-20 (HTTP 200, browser UA); name/county enrichment pending"
boarddocs,oh/winton,OH,True,True,"validated live 2026-07-20 (HTTP 200, browser UA); name/county enrichment pending"
boarddocs,oh/wls,OH,True,True,"validated live 2026-07-20 (HTTP 200, browser UA); name/county enrichment pending"
boarddocs,oh/wolf,OH,True,True,"validated live 2026-07-20 (HTTP 200, browser UA); name/county enrichment pending"
boarddocs,oh/woodridge,OH,True,True,"validated live 2026-07-20 (HTTP 200, browser UA); name/county enrichment pending"
boarddocs,oh/wooster,OH,True,True,"validated live 2026-07-20 (HTTP 200, browser UA); name/county enrichment pending"
boarddocs,oh/worth,OH,True,True,"validated live 2026-07-20 (HTTP 200, browser UA); name/county enrichment pending"
boarddocs,oh/wynford,OH,True,True,"validated live 2026-07-20 (HTTP 200, browser UA); name/county enrichment pending"
boarddocs,oh/xeniaoh,OH,True,True,"validated live 2026-07-20 (HTTP 200, browser UA); name/county enrichment pending"
boarddocs,oh/yellowev,OH,True,True,"validated live 2026-07-20 (HTTP 200, browser UA); name/county enrichment pending"
boarddocs,oh/young,OH,True,True,"validated live 2026-07-20 (HTTP 200, browser UA); name/county enrichment pending"
boarddocs,ny/acsd,NY,True,True,"validated live 2026-07-20 (HTTP 200, browser UA); name/county enrichment pending"
boarddocs,ny/aecsd,NY,True,True,"validated live 2026-07-20 (HTTP 200, browser UA); name/county enrichment pending"
boarddocs,ny/albany,NY,True,True,"validated live 2026-07-20 (HTTP 200, browser UA); name/county enrichment pending"
boarddocs,ny/alexander,NY,True,True,"validated live 2026-07-20 (HTTP 200, browser UA); name/county enrichment pending"
boarddocs,ny/amagansett,NY,True,True,"validated live 2026-07-20 (HTTP 200, browser UA); name/county enrichment pending"
boarddocs,ny/aufsd,NY,True,True,"validated live 2026-07-20 (HTTP 200, browser UA); name/county enrichment pending"
boarddocs,ny/aufsdny,NY,True,True,"validated live 2026-07-20 (HTTP 200, browser UA); name/county enrichment pending"
boarddocs,ny/barker,NY,True,True,"validated live 2026-07-20 (HTTP 200, browser UA); name/county enrichment pending"
boarddocs,ny/bathcsd,NY,True,True,"validated live 2026-07-20 (HTTP 200, browser UA); name/county enrichment pending"
boarddocs,ny/bcsd,NY,True,True,"validated live 2026-07-20 (HTTP 200, browser UA); name/county enrichment pending"
boarddocs,ny/berl,NY,True,True,"validated live 2026-07-20 (HTTP 200, browser UA); name/county enrichment pending"
boarddocs,ny/bethlehem,NY,True,True,"validated live 2026-07-20 (HTTP 200, browser UA); name/county enrichment pending"
boarddocs,ny/bgcsd,NY,True,True,"validated live 2026-07-20 (HTTP 200, browser UA); name/county enrichment pending"
boarddocs,ny/bing,NY,True,True,"validated live 2026-07-20 (HTTP 200, browser UA); name/county enrichment pending"
boarddocs,ny/brewster,NY,True,True,"validated live 2026-07-20 (HTTP 200, browser UA); name/county enrichment pending"
boarddocs,ny/brun,NY,True,True,"validated live 2026-07-20 (HTTP 200, browser UA); name/county enrichment pending"
boarddocs,ny/buffalo,NY,True,True,"validated live 2026-07-20 (HTTP 200, browser UA); name/county enrichment pending"
boarddocs,ny/carle,NY,True,True,"validated live 2026-07-20 (HTTP 200, browser UA); name/county enrichment pending"
boarddocs,ny/catskillcsd,NY,True,True,"validated live 2026-07-20 (HTTP 200, browser UA); name/county enrichment pending"
boarddocs,ny/ccsdny,NY,True,True,"validated live 2026-07-20 (HTTP 200, browser UA); name/county enrichment pending"
boarddocs,ny/cecsd,NY,True,True,"validated live 2026-07-20 (HTTP 200, browser UA); name/county enrichment pending"
boarddocs,ny/chateaugay,NY,True,True,"validated live 2026-07-20 (HTTP 200, browser UA); name/county enrichment pending"
boarddocs,ny/chathamcs,NY,True,True,"validated live 2026-07-20 (HTTP 200, browser UA); name/county enrichment pending"
boarddocs,ny/chesterufsd,NY,True,True,"validated live 2026-07-20 (HTTP 200, browser UA); name/county enrichment pending"
boarddocs,ny/chufsd,NY,True,True,"validated live 2026-07-20 (HTTP 200, browser UA); name/county enrichment pending"
boarddocs,ny/cmschools,NY,True,True,"validated live 2026-07-20 (HTTP 200, browser UA); name/county enrichment pending"
boarddocs,ny/commack,NY,True,True,"validated live 2026-07-20 (HTTP 200, browser UA); name/county enrichment pending"
boarddocs,ny/copenhagen,NY,True,True,"validated live 2026-07-20 (HTTP 200, browser UA); name/county enrichment pending"
boarddocs,ny/cornw,NY,True,True,"validated live 2026-07-20 (HTTP 200, browser UA); name/county enrichment pending"
boarddocs,ny/crboces,NY,False,False,"validated live 2026-07-20 (HTTP 200, browser UA); name/county enrichment pending; BOCES regional agency (slug heuristic) - not a single K-12 district"
boarddocs,ny/dcboces,NY,False,False,"validated live 2026-07-20 (HTTP 200, browser UA); name/county enrichment pending; BOCES regional agency (slug heuristic) - not a single K-12 district"
boarddocs,ny/dcmoboces,NY,False,False,"validated live 2026-07-20 (HTTP 200, browser UA); name/county enrichment pending; BOCES regional agency (slug heuristic) - not a single K-12 district"
boarddocs,ny/ecsdm,NY,True,True,"validated live 2026-07-20 (HTTP 200, browser UA); name/county enrichment pending"
boarddocs,ny/egcsd,NY,True,True,"validated live 2026-07-20 (HTTP 200, browser UA); name/county enrichment pending"
boarddocs,ny/ehufsd,NY,True,True,"validated live 2026-07-20 (HTTP 200, browser UA); name/county enrichment pending"
boarddocs,ny/elbacsd,NY,True,True,"validated live 2026-07-20 (HTTP 200, browser UA); name/county enrichment pending"
boarddocs,ny/emufsd,NY,True,True,"validated live 2026-07-20 (HTTP 200, browser UA); name/county enrichment pending"
boarddocs,ny/ersd,NY,True,True,"validated live 2026-07-20 (HTTP 200, browser UA); name/county enrichment pending"
boarddocs,ny/erufsd,NY,True,True,"validated live 2026-07-20 (HTTP 200, browser UA); name/county enrichment pending"
boarddocs,ny/esboces,NY,False,False,"validated live 2026-07-20 (HTTP 200, browser UA); name/county enrichment pending; BOCES regional agency (slug heuristic) - not a single K-12 district"
boarddocs,ny/eufsd,NY,True,True,"validated live 2026-07-20 (HTTP 200, browser UA); name/county enrichment pending"
boarddocs,ny/ewufsd,NY,True,True,"validated live 2026-07-20 (HTTP 200, browser UA); name/county enrichment pending"
boarddocs,ny/fairport,NY,True,True,"validated live 2026-07-20 (HTTP 200, browser UA); name/county enrichment pending"
boarddocs,ny/gardencity,NY,True,True,"validated live 2026-07-20 (HTTP 200, browser UA); name/county enrichment pending"
boarddocs,ny/gccsd,NY,True,True,"validated live 2026-07-20 (HTTP 200, browser UA); name/county enrichment pending"
boarddocs,ny/gcsny,NY,True,True,"validated live 2026-07-20 (HTTP 200, browser UA); name/county enrichment pending"
boarddocs,ny/genevacsd,NY,True,True,"validated live 2026-07-20 (HTTP 200, browser UA); name/county enrichment pending"
boarddocs,ny/germantowncsd,NY,True,True,"validated live 2026-07-20 (HTTP 200, browser UA); name/county enrichment pending"
boarddocs,ny/giufsd,NY,True,True,"validated live 2026-07-20 (HTTP 200, browser UA); name/county enrichment pending"
boarddocs,ny/gncufsd,NY,True,True,"validated live 2026-07-20 (HTTP 200, browser UA); name/county enrichment pending"
boarddocs,ny/gnps,NY,True,True,"validated live 2026-07-20 (HTTP 200, browser UA); name/county enrichment pending"
boarddocs,ny/greene,NY,True,True,"validated live 2026-07-20 (HTTP 200, browser UA); name/county enrichment pending"
boarddocs,ny/gufs,NY,True,True,"validated live 2026-07-20 (HTTP 200, browser UA); name/county enrichment pending"
boarddocs,ny/gufsd,NY,True,True,"validated live 2026-07-20 (HTTP 200, browser UA); name/county enrichment pending"
boarddocs,ny/hcs,NY,True,True,"validated live 2026-07-20 (HTTP 200, browser UA); name/county enrichment pending"
boarddocs,ny/heuvelton,NY,True,True,"validated live 2026-07-20 (HTTP 200, browser UA); name/county enrichment pending"
boarddocs,ny/hfcsd,NY,True,True,"validated live 2026-07-20 (HTTP 200, browser UA); name/county enrichment pending"
boarddocs,ny/hhcsd,NY,True,True,"validated live 2026-07-20 (HTTP 200, browser UA); name/county enrichment pending"
boarddocs,ny/hilton,NY,True,True,"validated live 2026-07-20 (HTTP 200, browser UA); name/county enrichment pending"
boarddocs,ny/holland,NY,True,True,"validated live 2026-07-20 (HTTP 200, browser UA); name/county enrichment pending"
boarddocs,ny/hudsoncsd,NY,True,True,"validated live 2026-07-20 (HTTP 200, browser UA); name/county enrichment pending"
boarddocs,ny/hufsd,NY,True,True,"validated live 2026-07-20 (HTTP 200, browser UA); name/county enrichment pending"
boarddocs,ny/hwps,NY,True,True,"validated live 2026-07-20 (HTTP 200, browser UA); name/county enrichment pending"
boarddocs,ny/icsd,NY,True,True,"validated live 2026-07-20 (HTTP 200, browser UA); name/county enrichment pending"
boarddocs,ny/ircsd,NY,True,True,"validated live 2026-07-20 (HTTP 200, browser UA); name/county enrichment pending"
boarddocs,ny/kingcsd,NY,True,True,"validated live 2026-07-20 (HTTP 200, browser UA); name/county enrichment pending"
boarddocs,ny/kpcsd,NY,True,True,"validated live 2026-07-20 (HTTP 200, browser UA); name/county enrichment pending"
boarddocs,ny/lcsd,NY,True,True,"validated live 2026-07-20 (HTTP 200, browser UA); name/county enrichment pending"
boarddocs,ny/lcsdny,NY,True,True,"validated live 2026-07-20 (HTTP 200, browser UA); name/county enrichment pending"
boarddocs,ny/lockport,NY,True,True,"validated live 2026-07-20 (HTTP 200, browser UA); name/county enrichment pending"
boarddocs,ny/mayfield,NY,True,True,"validated live 2026-07-20 (HTTP 200, browser UA); name/county enrichment pending"
boarddocs,ny/mexicocsd,NY,True,True,"validated live 2026-07-20 (HTTP 200, browser UA); name/county enrichment pending"
boarddocs,ny/millbrookcsd,NY,True,True,"validated live 2026-07-20 (HTTP 200, browser UA); name/county enrichment pending"
boarddocs,ny/minisink,NY,True,True,"validated live 2026-07-20 (HTTP 200, browser UA); name/county enrichment pending"
boarddocs,ny/mohonasen,NY,True,True,"validated live 2026-07-20 (HTTP 200, browser UA); name/county enrichment pending"
boarddocs,ny/monticello,NY,True,True,"validated live 2026-07-20 (HTTP 200, browser UA); name/county enrichment pending"
boarddocs,ny/mufsd,NY,True,True,"validated live 2026-07-20 (HTTP 200, browser UA); name/county enrichment pending"
boarddocs,ny/nanuet,NY,True,True,"validated live 2026-07-20 (HTTP 200, browser UA); name/county enrichment pending"
boarddocs,ny/nassaub,NY,True,True,"validated live 2026-07-20 (HTTP 200, browser UA); name/county enrichment pending"
boarddocs,ny/necsd,NY,True,True,"validated live 2026-07-20 (HTTP 200, browser UA); name/county enrichment pending"
boarddocs,ny/newfield,NY,True,True,"validated live 2026-07-20 (HTTP 200, browser UA); name/county enrichment pending"
boarddocs,ny/northcolonie,NY,True,True,"validated live 2026-07-20 (HTTP 200, browser UA); name/county enrichment pending"
boarddocs,ny/nrcsd,NY,True,True,"validated live 2026-07-20 (HTTP 200, browser UA); name/county enrichment pending"
boarddocs,ny/nred,NY,True,True,"validated live 2026-07-20 (HTTP 200, browser UA); name/county enrichment pending"
boarddocs,ny/nscsd,NY,True,True,"validated live 2026-07-20 (HTTP 200, browser UA); name/county enrichment pending"
boarddocs,ny/oacsd,NY,True,True,"validated live 2026-07-20 (HTTP 200, browser UA); name/county enrichment pending"
boarddocs,ny/oben,NY,True,True,"validated live 2026-07-20 (HTTP 200, browser UA); name/county enrichment pending"
boarddocs,ny/oceanside,NY,True,True,"validated live 2026-07-20 (HTTP 200, browser UA); name/county enrichment pending"
boarddocs,ny/ocmboces,NY,False,False,"validated live 2026-07-20 (HTTP 200, browser UA); name/county enrichment pending; BOCES regional agency (slug heuristic) - not a single K-12 district"
boarddocs,ny/oswego,NY,True,True,"validated live 2026-07-20 (HTTP 200, browser UA); name/county enrichment pending"
boarddocs,ny/ouboces,NY,False,False,"validated live 2026-07-20 (HTTP 200, browser UA); name/county enrichment pending; BOCES regional agency (slug heuristic) - not a single K-12 district"
boarddocs,ny/pcru,NY,True,True,"validated live 2026-07-20 (HTTP 200, browser UA); name/county enrichment pending"
boarddocs,ny/penfield,NY,True,True,"validated live 2026-07-20 (HTTP 200, browser UA); name/county enrichment pending"
boarddocs,ny/pmcsd,NY,True,True,"validated live 2026-07-20 (HTTP 200, browser UA); name/county enrichment pending"
boarddocs,ny/pnwboces,NY,False,False,"validated live 2026-07-20 (HTTP 200, browser UA); name/county enrichment pending; BOCES regional agency (slug heuristic) - not a single K-12 district"
boarddocs,ny/prsdny,NY,True,True,"validated live 2026-07-20 (HTTP 200, browser UA); name/county enrichment pending"
boarddocs,ny/pufsd,NY,True,True,"validated live 2026-07-20 (HTTP 200, browser UA); name/county enrichment pending"
boarddocs,ny/rboces,NY,False,False,"validated live 2026-07-20 (HTTP 200, browser UA); name/county enrichment pending; BOCES regional agency (slug heuristic) - not a single K-12 district"
boarddocs,ny/rcsd,NY,True,True,"validated live 2026-07-20 (HTTP 200, browser UA); name/county enrichment pending"
boarddocs,ny/rcsdny,NY,True,True,"validated live 2026-07-20 (HTTP 200, browser UA); name/county enrichment pending"
boarddocs,ny/rnufsd,NY,True,True,"validated live 2026-07-20 (HTTP 200, browser UA); name/county enrichment pending"
boarddocs,ny/rochny,NY,True,True,"validated live 2026-07-20 (HTTP 200, browser UA); name/county enrichment pending"
boarddocs,ny/rockville,NY,True,True,"validated live 2026-07-20 (HTTP 200, browser UA); name/county enrichment pending"
boarddocs,ny/sachem,NY,True,True,"validated live 2026-07-20 (HTTP 200, browser UA); name/county enrichment pending"
boarddocs,ny/saugerties,NY,True,True,"validated live 2026-07-20 (HTTP 200, browser UA); name/county enrichment pending"
boarddocs,ny/scarsdale,NY,True,True,"validated live 2026-07-20 (HTTP 200, browser UA); name/county enrichment pending"
boarddocs,ny/sccsd,NY,True,True,"validated live 2026-07-20 (HTTP 200, browser UA); name/county enrichment pending"
boarddocs,ny/schenectady,NY,True,True,"validated live 2026-07-20 (HTTP 200, browser UA); name/county enrichment pending"
boarddocs,ny/scsd,NY,True,True,"validated live 2026-07-20 (HTTP 200, browser UA); name/county enrichment pending"
boarddocs,ny/scsdny,NY,True,True,"validated live 2026-07-20 (HTTP 200, browser UA); name/county enrichment pending"
boarddocs,ny/sherman,NY,True,True,"validated live 2026-07-20 (HTTP 200, browser UA); name/county enrichment pending"
boarddocs,ny/syossetschools,NY,True,True,"validated live 2026-07-20 (HTTP 200, browser UA); name/county enrichment pending"
boarddocs,ny/taconichills,NY,True,True,"validated live 2026-07-20 (HTTP 200, browser UA); name/county enrichment pending"
boarddocs,ny/tburgschools,NY,True,True,"validated live 2026-07-20 (HTTP 200, browser UA); name/county enrichment pending"
boarddocs,ny/tlcsd,NY,True,True,"validated live 2026-07-20 (HTTP 200, browser UA); name/county enrichment pending"
boarddocs,ny/trivc,NY,True,True,"validated live 2026-07-20 (HTTP 200, browser UA); name/county enrichment pending"
boarddocs,ny/tufsd,NY,True,True,"validated live 2026-07-20 (HTTP 200, browser UA); name/county enrichment pending"
boarddocs,ny/uniondale,NY,True,True,"validated live 2026-07-20 (HTTP 200, browser UA); name/county enrichment pending"
boarddocs,ny/uticaschools,NY,True,True,"validated live 2026-07-20 (HTTP 200, browser UA); name/county enrichment pending"
boarddocs,ny/vestal,NY,True,True,"validated live 2026-07-20 (HTTP 200, browser UA); name/county enrichment pending"
boarddocs,ny/vsufsd,NY,True,True,"validated live 2026-07-20 (HTTP 200, browser UA); name/county enrichment pending"
boarddocs,ny/vufsd,NY,True,True,"validated live 2026-07-20 (HTTP 200, browser UA); name/county enrichment pending"
boarddocs,ny/waynecsd,NY,True,True,"validated live 2026-07-20 (HTTP 200, browser UA); name/county enrichment pending"
boarddocs,ny/wcsd,NY,True,True,"validated live 2026-07-20 (HTTP 200, browser UA); name/county enrichment pending"
boarddocs,ny/wellsville,NY,True,True,"validated live 2026-07-20 (HTTP 200, browser UA); name/county enrichment pending"
boarddocs,ny/west,NY,True,True,"validated live 2026-07-20 (HTTP 200, browser UA); name/county enrichment pending"
boarddocs,ny/westgenesee,NY,True,True,"validated live 2026-07-20 (HTTP 200, browser UA); name/county enrichment pending"
boarddocs,ny/wflboces,NY,False,False,"validated live 2026-07-20 (HTTP 200, browser UA); name/county enrichment pending; BOCES regional agency (slug heuristic) - not a single K-12 district"
boarddocs,ny/wfsd,NY,True,True,"validated live 2026-07-20 (HTTP 200, browser UA); name/county enrichment pending"
boarddocs,ny/williams,NY,True,True,"validated live 2026-07-20 (HTTP 200, browser UA); name/county enrichment pending"
boarddocs,ny/wpcsd,NY,True,True,"validated live 2026-07-20 (HTTP 200, browser UA); name/county enrichment pending"
boarddocs,ny/wscs,NY,True,True,"validated live 2026-07-20 (HTTP 200, browser UA); name/county enrichment pending"
boarddocs,ny/wufsd,NY,True,True,"validated live 2026-07-20 (HTTP 200, browser UA); name/county enrichment pending"
boarddocs,ny/wvcsd,NY,True,True,"validated live 2026-07-20 (HTTP 200, browser UA); name/county enrichment pending"
boarddocs,ny/yorktown,NY,True,True,"validated live 2026-07-20 (HTTP 200, browser UA); name/county enrichment pending"
boarddocs,ny/hhhcsd,NY,True,True,"validated live 2026-07-20 (HTTP 200, browser UA); name/county enrichment pending"
boarddocs,ny/smith,NY,True,True,"validated live 2026-07-20 (HTTP 200, browser UA); name/county enrichment pending"
boarddocs,ks/usd205,KS,True,True,"validated live 2026-07-20 (HTTP 200, browser UA); name/county enrichment pending"
boarddocs,ks/usd207,KS,True,True,"validated live 2026-07-20 (HTTP 200, browser UA); name/county enrichment pending"
boarddocs,ks/usd229,KS,True,True,"validated live 2026-07-20 (HTTP 200, browser UA); name/county enrichment pending"
boarddocs,ks/usd230,KS,True,True,"validated live 2026-07-20 (HTTP 200, browser UA); name/county enrichment pending"
boarddocs,ks/usd231,KS,True,True,"validated live 2026-07-20 (HTTP 200, browser UA); name/county enrichment pending"
boarddocs,ks/usd250,KS,True,True,"validated live 2026-07-20 (HTTP 200, browser UA); name/county enrichment pending"
boarddocs,ks/usd252,KS,True,True,"validated live 2026-07-20 (HTTP 200, browser UA); name/county enrichment pending"
boarddocs,ks/usd253,KS,True,True,"validated live 2026-07-20 (HTTP 200, browser UA); name/county enrichment pending"
boarddocs,ks/usd262,KS,True,True,"validated live 2026-07-20 (HTTP 200, browser UA); name/county enrichment pending"
boarddocs,ks/usd264,KS,True,True,"validated live 2026-07-20 (HTTP 200, browser UA); name/county enrichment pending"
boarddocs,ks/usd265,KS,True,True,"validated live 2026-07-20 (HTTP 200, browser UA); name/county enrichment pending"
boarddocs,ks/usd267,KS,True,True,"validated live 2026-07-20 (HTTP 200, browser UA); name/county enrichment pending"
boarddocs,ks/usd268,KS,True,True,"validated live 2026-07-20 (HTTP 200, browser UA); name/county enrichment pending"
boarddocs,ks/usd283,KS,True,True,"validated live 2026-07-20 (HTTP 200, browser UA); name/county enrichment pending"
boarddocs,ks/usd290,KS,True,True,"validated live 2026-07-20 (HTTP 200, browser UA); name/county enrichment pending"
boarddocs,ks/usd306,KS,True,True,"validated live 2026-07-20 (HTTP 200, browser UA); name/county enrichment pending"
boarddocs,ks/usd308,KS,True,True,"validated live 2026-07-20 (HTTP 200, browser UA); name/county enrichment pending"
boarddocs,ks/usd309,KS,True,True,"validated live 2026-07-20 (HTTP 200, browser UA); name/county enrichment pending"
boarddocs,ks/usd311,KS,True,True,"validated live 2026-07-20 (HTTP 200, browser UA); name/county enrichment pending"
boarddocs,ks/usd315,KS,True,True,"validated live 2026-07-20 (HTTP 200, browser UA); name/county enrichment pending"
boarddocs,ks/usd323,KS,True,True,"validated live 2026-07-20 (HTTP 200, browser UA); name/county enrichment pending"
boarddocs,ks/usd339,KS,True,True,"validated live 2026-07-20 (HTTP 200, browser UA); name/county enrichment pending"
boarddocs,ks/usd348,KS,True,True,"validated live 2026-07-20 (HTTP 200, browser UA); name/county enrichment pending"
boarddocs,ks/usd364,KS,True,True,"validated live 2026-07-20 (HTTP 200, browser UA); name/county enrichment pending"
boarddocs,ks/usd368,KS,True,True,"validated live 2026-07-20 (HTTP 200, browser UA); name/county enrichment pending"
boarddocs,ks/usd373,KS,True,True,"validated live 2026-07-20 (HTTP 200, browser UA); name/county enrichment pending"
boarddocs,ks/usd385,KS,True,True,"validated live 2026-07-20 (HTTP 200, browser UA); name/county enrichment pending"
boarddocs,ks/usd388,KS,True,True,"validated live 2026-07-20 (HTTP 200, browser UA); name/county enrichment pending"
boarddocs,ks/usd408,KS,True,True,"validated live 2026-07-20 (HTTP 200, browser UA); name/county enrichment pending"
boarddocs,ks/usd409,KS,True,True,"validated live 2026-07-20 (HTTP 200, browser UA); name/county enrichment pending"
boarddocs,ks/usd415,KS,True,True,"validated live 2026-07-20 (HTTP 200, browser UA); name/county enrichment pending"
boarddocs,ks/usd418,KS,True,True,"validated live 2026-07-20 (HTTP 200, browser UA); name/county enrichment pending"
boarddocs,ks/usd421,KS,True,True,"validated live 2026-07-20 (HTTP 200, browser UA); name/county enrichment pending"
boarddocs,ks/usd430,KS,True,True,"validated live 2026-07-20 (HTTP 200, browser UA); name/county enrichment pending"
boarddocs,ks/usd435,KS,True,True,"validated live 2026-07-20 (HTTP 200, browser UA); name/county enrichment pending"
boarddocs,ks/usd436,KS,True,True,"validated live 2026-07-20 (HTTP 200, browser UA); name/county enrichment pending"
boarddocs,ks/usd437,KS,True,True,"validated live 2026-07-20 (HTTP 200, browser UA); name/county enrichment pending"
boarddocs,ks/usd440,KS,True,True,"validated live 2026-07-20 (HTTP 200, browser UA); name/county enrichment pending"
boarddocs,ks/usd447,KS,True,True,"validated live 2026-07-20 (HTTP 200, browser UA); name/county enrichment pending"
boarddocs,ks/usd449,KS,True,True,"validated live 2026-07-20 (HTTP 200, browser UA); name/county enrichment pending"
boarddocs,ks/usd453,KS,True,True,"validated live 2026-07-20 (HTTP 200, browser UA); name/county enrichment pending"
boarddocs,ks/usd460,KS,True,True,"validated live 2026-07-20 (HTTP 200, browser UA); name/county enrichment pending"
boarddocs,ks/usd469,KS,True,True,"validated live 2026-07-20 (HTTP 200, browser UA); name/county enrichment pending"
boarddocs,ks/usd473,KS,True,True,"validated live 2026-07-20 (HTTP 200, browser UA); name/county enrichment pending"
boarddocs,ks/usd480,KS,True,True,"validated live 2026-07-20 (HTTP 200, browser UA); name/county enrichment pending"
boarddocs,ks/usd483,KS,True,True,"validated live 2026-07-20 (HTTP 200, browser UA); name/county enrichment pending"
boarddocs,ks/usd487,KS,True,True,"validated live 2026-07-20 (HTTP 200, browser UA); name/county enrichment pending"
boarddocs,ks/usd489,KS,True,True,"validated live 2026-07-20 (HTTP 200, browser UA); name/county enrichment pending"
boarddocs,ks/usd491,KS,True,True,"validated live 2026-07-20 (HTTP 200, browser UA); name/county enrichment pending"
boarddocs,ks/usd495,KS,True,True,"validated live 2026-07-20 (HTTP 200, browser UA); name/county enrichment pending"
boarddocs,ks/usd497,KS,True,True,"validated live 2026-07-20 (HTTP 200, browser UA); name/county enrichment pending"
boarddocs,ks/olathe,KS,True,True,"validated live 2026-07-20 (HTTP 200, browser UA); name/county enrichment pending"
boarddocs,ks/smsd,KS,True,True,"validated live 2026-07-20 (HTTP 200, browser UA); name/county enrichment pending"
boarddocs,ks/kckps,KS,True,True,"validated live 2026-07-20 (HTTP 200, browser UA); name/county enrichment pending"
boarddocs,ks/tusd501,KS,True,True,"validated live 2026-07-20 (HTTP 200, browser UA); name/county enrichment pending"
boarddocs,ks/susdks,KS,True,True,"validated live 2026-07-20 (HTTP 200, browser UA); name/county enrichment pending"
boarddocs,ks/pusd,KS,True,True,"validated live 2026-07-20 (HTTP 200, browser UA); name/county enrichment pending"
boarddocs,ks/hpsks,KS,True,True,"validated live 2026-07-20 (HTTP 200, browser UA); name/county enrichment pending"
boarddocs,nc/bcsnc,NC,True,True,"validated live 2026-07-20 (HTTP 200, browser UA); name/county enrichment pending"
boarddocs,nc/beaufort,NC,True,True,"validated live 2026-07-20 (HTTP 200, browser UA); name/county enrichment pending"
boarddocs,nc/bladenco,NC,True,True,"validated live 2026-07-20 (HTTP 200, browser UA); name/county enrichment pending"
boarddocs,nc/cabcs,NC,True,True,"validated live 2026-07-20 (HTTP 200, browser UA); name/county enrichment pending"
boarddocs,nc/caldwell,NC,True,True,"validated live 2026-07-20 (HTTP 200, browser UA); name/county enrichment pending"
boarddocs,nc/ccs,NC,True,True,"validated live 2026-07-20 (HTTP 200, browser UA); name/county enrichment pending"
boarddocs,nc/ccsd,NC,True,True,"validated live 2026-07-20 (HTTP 200, browser UA); name/county enrichment pending"
boarddocs,nc/cmsnc,NC,True,True,"validated live 2026-07-20 (HTTP 200, browser UA); name/county enrichment pending"
boarddocs,nc/dpsnc,NC,True,True,"validated live 2026-07-20 (HTTP 200, browser UA); name/county enrichment pending"
boarddocs,nc/forsyth,NC,True,True,"validated live 2026-07-20 (HTTP 200, browser UA); name/county enrichment pending"
boarddocs,nc/harnett,NC,True,True,"validated live 2026-07-20 (HTTP 200, browser UA); name/county enrichment pending"
boarddocs,nc/jonesnc,NC,True,True,"validated live 2026-07-20 (HTTP 200, browser UA); name/county enrichment pending"
boarddocs,nc/lenoir,NC,True,True,"validated live 2026-07-20 (HTTP 200, browser UA); name/county enrichment pending"
boarddocs,nc/nhcs,NC,True,True,"validated live 2026-07-20 (HTTP 200, browser UA); name/county enrichment pending"
boarddocs,nc/onslow,NC,True,True,"validated live 2026-07-20 (HTTP 200, browser UA); name/county enrichment pending"
boarddocs,nc/rcsnc,NC,True,True,"validated live 2026-07-20 (HTTP 200, browser UA); name/county enrichment pending"
boarddocs,nc/robeson,NC,True,True,"validated live 2026-07-20 (HTTP 200, browser UA); name/county enrichment pending"
boarddocs,nc/rock,NC,True,True,"validated live 2026-07-20 (HTTP 200, browser UA); name/county enrichment pending"
boarddocs,nc/spcc,NC,True,True,"validated live 2026-07-20 (HTTP 200, browser UA); name/county enrichment pending"
boarddocs,nc/stanly,NC,True,True,"validated live 2026-07-20 (HTTP 200, browser UA); name/county enrichment pending"
boarddocs,nc/stanlync,NC,True,True,"validated live 2026-07-20 (HTTP 200, browser UA); name/county enrichment pending; same district as nc/stanly (dual slug)"
boarddocs,nc/surrync,NC,True,True,"validated live 2026-07-20 (HTTP 200, browser UA); name/county enrichment pending"
boarddocs,nc/wcpsnc,NC,True,True,"validated live 2026-07-20 (HTTP 200, browser UA); name/county enrichment pending"
boarddocs,nc/yadkin,NC,True,True,"validated live 2026-07-20 (HTTP 200, browser UA); name/county enrichment pending"
boarddocs,nc/tmsa,NC,True,True,"validated live 2026-07-20 (HTTP 200, browser UA); name/county enrichment pending"
boarddocs,nc/ucps,NC,True,True,"validated live 2026-07-20 (HTTP 200, browser UA); name/county enrichment pending"
boarddocs,nc/clintoncs,NC,True,True,"validated live 2026-07-20 (HTTP 200, browser UA); name/county enrichment pending"
boarddocs,tn/scsk12,TN,True,True,"validated live 2026-07-20 (HTTP 200, browser UA); name/county enrichment pending"
boarddocs,tn/scstn,TN,True,True,"validated live 2026-07-20 (HTTP 200, browser UA); name/county enrichment pending"
boarddocs,tn/wcschools,TN,True,True,"validated live 2026-07-20 (HTTP 200, browser UA); name/county enrichment pending"
boarddocs,tn/franklin,TN,True,True,"validated live 2026-07-20 (HTTP 200, browser UA); name/county enrichment pending"
boarddocs,tn/kingscs,TN,True,True,"validated live 2026-07-20 (HTTP 200, browser UA); name/county enrichment pending; Kingsport City Schools; dual-hosted - also on boeconnect (org kcs)"
boarddocs,tn/brist,TN,True,True,"validated live 2026-07-20 (HTTP 200, browser UA); name/county enrichment pending; Bristol TN City Schools; dual-hosted - also on boeconnect (org 3345)"
boarddocs,tn/bristoltn,TN,True,True,"validated live 2026-07-20 (HTTP 200, browser UA); name/county enrichment pending; same district as tn/brist (dual slug); also on boeconnect (org 3345)"
boarddocs,tn/coptn,TN,True,True,"validated live 2026-07-20 (HTTP 200, browser UA); name/county enrichment pending"
