org_id,org_name,likely_school_district,include_in_rollout,state,county
3184,100-297 Hs Grant,False,False,ND,
2823,A+ Charter Schools,True,True,TX,
1111,Abernathy ISD,True,True,TX,
2274,Abilene Independent School District,True,True,TX,Taylor County
2299,Academy ISD,True,True,TX,Bell County
2497,Ada-Borup-West School District,True,True,MN,Norman County
2676,Addison Public Library,False,False,IL,DuPage County
1990,Agua Dulce Independent School District,True,True,TX,
1530,Aitkin Public School District,True,True,MN,Aitkin County
1071,Akron-Fairgrove Schools,True,True,,Tuscola County
679,Alamo Colleges District,False,False,TX,Bexar County
713,Alamo Heights Independent School District,True,True,TX,Bexar County
2674,Alanson Public School,True,True,,
3972,Alaska Public Risk Alliance,False,False,,
1895,Alba-Golden ISD,True,True,TX,Wood County
1812,Albany Area Schools,True,True,MN,
3482,Albany ISD,True,True,TX,Shackelford County
1252,Albert Lea Area Schools,True,True,MN,Freeborn County
1722,Aldine ISD,True,True,TX,
871,Aledo ISD,True,True,TX,Parker County
2682,Alexander Public Schools,True,True,ND,McKenzie County
2072,Alexandria Township School District,True,True,NJ,Hunterdon County
1625,Algonac Community Schools,True,True,MI,St. Clair County
868,Alice ISD,True,True,TX,
770,Alief ISD,True,True,TX,Harris County
855,Allen Independent School District,True,True,TX,Collin County
1365,Alpena County,False,False,MI,Alpena County
2701,Alpena-Montmorency-Alcona ESD,True,True,,
2310,Alpine ISD,True,True,,
2548,Alsea Charter School,True,True,OR,Benton County
724,Alvarado ISD,True,True,TX,Johnson County
1295,Alvin Independent School District,True,True,TX,Brazoria County
1957,Amarillo College,False,False,TX,Potter County
1931,Amarillo ISD,True,True,TX,Potter County
1276,Amboy CUSD #272,False,False,IL,Lee County
2065,Amphitheater Public Schools,True,True,AZ,Pima County
1870,Anahuac Independent School District,True,True,TX,
633,Anderson-Shiro CISD,True,True,TX,
2752,Angelina College,False,False,TX,Angelina County
1874,Angleton Independent School District,True,True,TX,Brazoria County
849,Anna Independent School District,True,True,TX,
1608,Annawan Public Schools,True,True,IL,Henry County
1331,Annette Island School District,True,True,AK,Prince of Wales-Hyder Census Area
2720,Anoka-Hennepin School District 11,True,True,MN,Anoka County
2224,Anson ISD,True,True,TX,Jones County
819,Anthony ISD,True,True,TX,
1716,Antioch School District 34,True,True,IL,Lake County
2285,Anton ISD,True,True,,Hockley County
2211,Aquilla Independent School District,True,True,TX,Hill County
924,Aransas Pass ISD,True,True,TX,San Patricio County
2988,Archer City ISD,True,True,TX,Archer County
1709,Argo Community High School District 217,True,True,IL,Cook County
1395,Argyle ISD,True,True,TX,Denton County
1133,Arkansas Department of Education,False,False,AR,Pulaski County
2978,Arlington ISD,True,True,TX,
1862,Arp ISD,True,True,TX,
1537,Ashland School District,True,True,OR,Jackson County
2751,Ashley Community Schools,True,True,MI,Gratiot County
635,Athens Independent School District,True,True,TX,Henderson County
888,Atlanta ISD,True,True,TX,Cass County
1634,Au Gres-Sims School District,True,True,MI,Arenac County
1857,Aubrey Independent School District,True,True,TX,Denton County
4103,Austin Community College,False,False,,
2516,Austin Public Schools,True,True,MN,Mower County
3348,Austwell-Tivoli ISD,True,True,,
761,Avery ISD,True,True,TX,Red River County
1161,Avon-Washington Township Public Library,False,False,IN,
1367,Azle Independent School District,True,True,TX,Tarrant County
1824,Badger ISD 676,True,True,MN,Roseau County
1183,Bagley Public Schools,True,True,MN,Clearwater County
2000,Baird ISD,True,True,TX,Callahan County
2989,Bakken Area Skills Center,False,False,ND,
2632,Baldwin Community Schools,True,True,,
2226,Ballinger ISD,True,True,TX,Runnels County
2166,Balmorhea ISD,True,True,TX,
1846,Bandera Independent School District,True,True,TX,Bandera County
4134,Bangor Public Schools,True,True,,
1645,Bangor Township Schools,True,True,MI,Bay County
2613,Banks School District,True,True,OR,Washington County
1248,Bannockburn School District 106,True,True,,Lake County
1705,Banquete ISD,True,True,TX,Nueces County
1110,Barbers Hill Independent School District,True,True,TX,Chambers County
1533,Barnesville Public Schools,True,True,MN,Clay County
1020,Bartlett ISD,True,True,,
1914,Bastrop Independent School District,True,True,,
3309,Batesville School District,True,True,,
3210,Bath Community Schools,True,True,,
2646,Battle Creek Public Schools,True,True,,
2101,Bay City ISD,True,True,,
909,Bay-Arenac ISD,True,True,,
748,Beaumont ISD,True,True,,
3484,Beaver County School District,True,True,,
1443,Beaverton School District,True,True,,
1475,BECKER PUBLIC SCHOOLS,True,True,,
1964,Beckville ISD,True,True,,
1618,Bedford Public Schools,True,True,,
2183,Beeville ISD,True,True,,
2815,Belcourt School District #7,True,True,,
1062,Belding Area Schools,True,True,,
1400,Belle Plaine Public Schools,True,True,,
2225,Bells ISD,True,True,,
2334,Bellville ISD,True,True,,
1873,Belton Independent School District,True,True,,
2197,Ben Bolt - Palito Blanco ISD,True,True,,
2230,Benavides ISD,True,True,,
2413,Bend-La Pine Schools,True,True,,
1192,Benjamin School District 25,True,True,,
1584,Benson Public Schools ISD #777,True,True,,
2367,Benzie Central Schools,True,True,,
1635,Berrien RESA,True,True,,
1327,Berrien Springs Public Schools,True,True,,
1719,Berwyn North School District 98,True,True,,
1287,Berwyn South School District 100,True,True,,
1329,Bethalto CUSD #8,False,False,,
1761,Big Lake Schools,True,True,,
2347,Big Sandy ISD - Polk County,True,True,,
1918,Big Sandy ISD-Upshur County,True,True,,
723,Big Spring Independent School District,True,True,,
1627,Birch Run Area Schools,True,True,,
2178,Birdville Independent School District,True,True,,
2297,Bishop Consolidated Independent School District,True,True,,
1718,Bismarck-Henning CUSD #1,False,False,,
1963,Bismarck-Henning/Rossville-Alvin Cooperative High School,True,True,,
2514,Blachly School District,True,True,,
2113,Blackwell Consolidated Independent School District,True,True,,
1855,Blanco ISD,True,True,,
2075,Bland ISD,True,True,,
1319,Blinn College - Brenham Regular,False,False,,
2233,Bloomburg Independent School District,True,True,,
2463,Bloomfield Public Schools,True,True,,
1348,Blooming Grove ISD,True,True,,
3205,Bloomingdale Public Schools,True,True,,
1261,Bloomingdale School District 13,True,True,,
959,Bloomington Independent School District,True,True,,
1708,Blue Ridge CUSD #18,False,False,,
845,Blue Ridge ISD,True,True,,
2721,Bluff Dale ISD,True,True,,
2351,Blum ISD,True,True,,
1350,Boerne Independent School District,True,True,,
3004,BOLD Public Schools,True,True,,
1301,Boles ISD,True,True,,
866,Bonham ISD,True,True,,
1349,Bonneville Joint School District 93,True,True,,
1296,Borden County ISD,True,True,,
904,Borger ISD,True,True,,
2023,Boscobel Area Schools,True,True,,
1003,Bosqueville ISD,True,True,,
878,Bowie Independent School District,True,True,,
830,"Bowie-Cass Electric Cooperative, Inc.",False,False,,
1575,Box Elder School District,True,True,,
1606,Boyceville Community School District,True,True,,
1611,Boyd ISD,True,True,,
965,Boyne City Public Schools,True,True,,
697,Boys Ranch ISD,True,True,,
1723,Brackett ISD,True,True,,
1633,Brandon School District,True,True,,
1034,Brandywine Community Schools,True,True,,
1854,Brazosport College,False,False,,
877,Brazosport Independent School District,True,True,,
1647,Breckenridge ISD,True,True,,
1745,Breckenridge Public Schools 846,True,True,,
3355,Brecksville-Broadview Heights City Schools,True,True,,
3300,Breitung Township Schools,True,True,,
3269,Bremond ISD,True,True,,
1856,Brenham ISD,True,True,,
905,Bridge City Independent School District,True,True,,
647,Bridgeport ISD,True,True,,
2756,Bridgeport Public Schools,True,True,,
1060,Bridgman Public Schools,True,True,,
2615,Brighton Area Schools,True,True,,
2140,Bristol Bay Borough School District,True,True,,
2228,Broaddus ISD,True,True,,
803,Brock ISD,True,True,,
1715,Brookfield-LaGrange Park School District 95,True,True,,
1563,Brookings-Harbor School District 17C,True,True,,
1769,Brooklyn Center Schools,True,True,,
2026,Brooks,False,False,,
2016,Brooks County ISD,True,True,,
1714,Brookwood School District 167,True,True,,
674,Brownfield ISD,True,True,,
2060,Browning Public Schools,True,True,,
1273,Brownsboro ISD,True,True,,
2175,Brownsville ISD,True,True,,
988,Brownwood Independent School District,True,True,,
2246,Bryan Independent School District,True,True,,
2110,BSSD - Unalakleet,False,False,,
4071,Buckeye Union High School District,True,True,,
2350,Buckholts Independent School District,True,True,,
2599,Buckley Schools,True,True,,
712,Buena Vista ISD,True,True,,
2545,Buffalo ISD,True,True,,
1209,Buffalo-Hanover-Montrose Schools,True,True,,
2490,Bullard Independent School District,True,True,,
820,Buna Independent School District,True,True,,
1896,Burkburnett Independent School District,True,True,,
1892,Burkeville ISD,True,True,,
1384,Burleson ISD,True,True,,
1041,BURNET CONSOLIDATED I.S.D.,True,True,,
2694,Burnham School District 154.5,True,True,,
1113,Burnsville-Eagan-Savage ISD 191,True,True,,
2593,Burton ISD,True,True,,
1767,Bushland ISD,True,True,,
2116,Bynum ISD,True,True,,
1428,Byron Area Schools,True,True,,
930,Byron Center Public Schools,True,True,,
1970,C.O.O.R. Intermediate School District,True,True,,
669,Caddo Mills ISD,True,True,,
1497,Cahokia Unit School District 187,True,True,,
934,Calallen ISD,True,True,,
680,Caldwell ISD,True,True,,
2207,Calhoun County ISD,True,True,,
1122,Cambridge-Isanti Schools,True,True,,
1226,Cameron ISD,True,True,,
789,Canadian ISD,True,True,,
1036,Cannon Valley Special Education Cooperative,False,False,,
2194,Canton ISD,True,True,,
1679,Canton Union School District #66,True,True,,
864,Canutillo ISD,True,True,,
788,Canyon ISD,True,True,,
2093,Canyon-Owyhee School Service Agency,True,True,,
1712,Carbon Cliff - Barstow School District 36,True,True,,
1720,Carlinville CUSD #1,False,False,,
762,Carlisle ISD,True,True,,
3411,Carlton-Wrenshall ISD #2918,True,True,,
1885,Carmel Clay Public Library,False,False,,
861,Carrizo Springs C.I.S.D.,True,True,,
2522,Carrollton Public Schools,True,True,,
631,Carrollton-Farmers Branch ISD,True,True,,
1068,Carson City-Crystal Area Schools,True,True,,
1182,Carthage ISD,True,True,,
3361,Cary School District 26,True,True,,
1572,Cascade School District #5,True,True,,
2996,Cass City Public Schools,True,True,,
3890,Cass School District 63,True,True,,
1090,Castleberry Independent School District,True,True,,
1409,CCSD 89,False,False,,
1600,Cedar Hill ISD,True,True,,
1484,Cedar Springs Public Schools,True,True,,
1411,Celeste ISD,True,True,,
758,Celina Independent School District,True,True,,
1528,Centennial ISD 12,True,True,,
1561,Centennial School District,True,True,,
1490,Center Cass School District 66,True,True,,
651,Center ISD,True,True,,
1923,Center Point ISD,True,True,,
1311,Central CUSD 301,False,False,,
1517,Central Heights Independent School District,True,True,,
2291,Central ISD,True,True,,
1553,Central Point School District 6,True,True,,
2403,Central Public Schools,True,True,,
1243,Central School District 104,True,True,,
1507,Central School District 51,True,True,,
1989,Centreville Public Schools,True,True,,
2790,Century School District 100,True,True,,
791,Channelview ISD,True,True,,
1760,Chapel Hill ISD -Titus County,True,True,,
1759,Chapel Hill ISD-Smith County,True,True,,
2499,Charlevoix-Emmet ISD,True,True,,
1031,Charlotte Public Schools,True,True,,
2647,Chatham School District,True,True,,
3215,Cheboygan Area Schools,True,True,,
911,Chelsea School District,True,True,,
1583,Cherokee Independent School District,True,True,,
2687,Chester ISD,True,True,,
2255,Chico ISD,True,True,,
2242,Childress ISD,True,True,,
1853,Chilton ISD,True,True,,
2238,China Spring ISD,True,True,,
1066,Chisago Lakes School District 2144,True,True,,
840,Chisholm School District,True,True,,
2316,Chisum ISD,True,True,,
1754,Christoval ISD,True,True,,
2598,Chugach School District,True,True,,
1197,Churchill County School District,True,True,,
1488,Cicero School District 99,True,True,,
2366,City of Hayden,False,False,,
3006,City of Karnes City,False,False,,
2503,City of Ouray,False,False,,
2080,City of Stewartville,False,False,,
2633,City Of Watford,False,False,,
694,City of Waverly,False,False,,
581,City School District,True,True,,
3606,City School District 2,True,True,,
2280,City View ISD,True,True,,
1412,Clackamas Community College,False,False,,
1547,Clackamas Education Service District,False,False,,
731,Clarksville ISD,True,True,,
1169,Claude ISD,True,True,,
2057,Clayton School District,True,True,,
1940,Clear Creek ISD,True,True,,
1684,Cleburne Independent School District,True,True,,
1682,Cleveland ISD,True,True,,
2475,Cleveland Public School,True,True,,
2177,Clifton ISD,True,True,,
2506,Climax-Scotts Community Schools,True,True,,
1831,Climax-Shelly ISD 592,True,True,,
919,Clint Independent School District,True,True,,
3191,Clinton Community Schools,True,True,,
2714,Clinton County RESA,True,True,,
2467,Clinton Public Schools,True,True,,
1481,Clio Area Schools,True,True,,
1149,Cloquet Public Schools,True,True,,
661,Clyde CISD,True,True,,
984,Coahoma ISD,True,True,,
2027,Coastal Bend College,False,False,,
672,Coldspring-Oakhurst CISD,True,True,,
2575,College of Lake County,False,False,,
3322,College of Lake County Foundation,False,False,,
2271,College of the Mainland,False,False,,
1010,Collin College,False,False,,
1231,Collinsville CUSD #10,False,False,,
2262,Collinsville ISD,True,True,,
2243,Colorado ISD,True,True,,
1290,Columbia - Brazoria ISD,True,True,,
1211,Columbia Heights Public Schools,True,True,,
1798,Columbus Independent School District,True,True,,
1083,Comal ISD,True,True,,
664,Comanche ISD,True,True,,
652,Comfort ISD,True,True,,
1127,Commerce ISD,True,True,,
1514,Community Consolidated School District 180,True,True,,
2677,Community Consolidated School District 59,True,True,,
1266,Community Consolidated School District 93,True,True,,
3238,Community High School District 128,True,True,,
1717,Community High School District 218,True,True,,
1499,Community High School District 94,True,True,,
1208,Community ISD,True,True,,
1453,Community Unit School District 300,True,True,,
2314,Como-Pickton CISD,True,True,,
3324,Compass Academy Charter School,True,True,,
1037,Comstock Public Schools,True,True,,
2626,Concept Schools - Horizon Science Academy Twin Cities,True,True,,
2355,Concept Schools - Minnesota Math and Science Academy,True,True,,
1623,Concord Community Schools,True,True,,
690,Connally ISD,True,True,,
2392,Constantine Public Schools,True,True,,
2031,Consumer Bankers Association,False,False,,
3902,Cook County Land Bank Authority,False,False,,
1792,Cook County School District 104,True,True,,
2277,Cooper ISD,True,True,,
1721,Coppell Independent School District,True,True,,
2693,Copper Country ISD,True,True,,
665,Copperas Cove Independent School District,True,True,,
1554,Corbett School District,True,True,,
2046,Cordova School District,True,True,,
898,CORPUS CHRISTI INDEPENDENT SCHOOL DISTRICT,True,True,,
1701,Corrigan-Camden ISD,True,True,,
642,Corsicana Independent School District,True,True,,
1522,Corunna Public Schools,True,True,,
1216,Corvallis School District 509J,True,True,,
638,Cotulla ISD,True,True,,
582,County School District,True,True,,
618,County School District 2,True,True,,
2596,County School District 3,True,True,,
3900,County School District 4,True,True,,
2722,County School District TEST,True,True,,
2708,Coupland Independent School District,True,True,,
2424,Coventry Board of Education,False,False,,
1506,Covert Public Schools,True,True,,
1930,Covington ISD,True,True,,
1845,Craig City School District,True,True,,
2100,Crandall ISD,True,True,,
1866,Cranfills Gap ISD,True,True,,
2983,Crawford ISD,True,True,,
1521,Crestwood School District,True,True,,
1558,Creswell School District,True,True,,
1408,Crete-Monee Board of Education,False,False,,
857,Crockett County Consolidated Common School District,True,True,,
891,Crockett Independent School District,True,True,,
1822,Cromwell-Wright School,True,True,,
1018,Crosby ISD,True,True,,
1067,Crosby-Ironton ISD #182,True,True,,
972,Crosbyton CISD,True,True,,
2668,Cross Plains ISD,True,True,,
2096,Cross Roads Independent School District,True,True,,
978,Crosslake Community Schools,True,True,,
655,Crowell ISD,True,True,,
1587,Crystal City Independent School District,True,True,,
3323,Crystal Lake Elementary,False,False,,
718,Cuero Independent School District,True,True,,
2249,Culberson County - Allamoore ISD,True,True,,
2114,Cumby Collegiate ISD,True,True,,
3932,Cushing ISD,True,True,,
668,Cypress-Fairbanks ISD,True,True,,
1315,D.C. Everest Area School District,True,True,,
986,Daingerfield-Lone Star ISD,True,True,,
1495,Dakota Community Unit District 201,False,False,,
1129,Dalhart ISD,True,True,,
2353,Dallas School District,True,True,,
1945,Damon Independent School District,True,True,,
944,Danbury Independent School District,True,True,,
1734,Danville CCSD 118,False,False,,
2826,Darien Public Schools District #61,True,True,,
1581,Darlington Community School District,True,True,,
1916,Darrouzett ISD,True,True,,
914,Davis School District,True,True,,
2573,Dawson-Boyd Public Schools,True,True,,
639,Dayton Independent School District,True,True,,
648,Decatur ISD,True,True,,
2476,Deer River Schools ISD 317,True,True,,
1747,Deerfield Public School District 109,True,True,,
892,DeKalb ISD,True,True,,
675,Del Valle ISD,True,True,,
1338,Delano Public Schools,True,True,,
1300,Dell City Independent School District,True,True,,
1632,Delta College,False,False,,
2625,Demo - Litchfield Community District 12,False,False,,
3907,Denali Borough School District,True,True,,
774,Denison ISD,True,True,,
949,Denton ISD,True,True,,
1942,Denver City Independent School District,True,True,,
947,DeSoto Independent School District,True,True,,
1724,Detroit ISD,True,True,,
2364,Detroit Lakes Public Schools,True,True,,
745,Devers ISD,True,True,,
955,Devine ISD,True,True,,
1865,Dew ISD,True,True,,
746,Deweyville ISD,True,True,,
1616,DeWitt Public Schools,True,True,,
990,D'Hanis Independent School District,True,True,,
1733,Diamond Lake School District 76,True,True,,
2232,Diboll ISD,True,True,,
2257,Dickinson Independent School District,True,True,,
1100,Dickinson-Iron Intermediate School District,True,True,,
852,Dilley Independent School District,True,True,,
1775,Dillingham City School District,True,True,,
773,Dime Box ISD,True,True,,
3044,Divide County School District,True,True,,
2485,Divide ISD,True,True,,
1258,Dixon Public Schools #170,True,True,,
2571,Dolton School District 149,True,True,,
1299,Donna Independent School District,True,True,,
1354,Doss CCSD,False,False,,
1502,Douglas County School District,True,True,,
1551,Douglas Education Service District,False,False,,
2252,Douglass ISD,True,True,,
3404,Downers Grove Grade School District 58,True,True,,
634,DRIPPING SPRINGS INDEPENDENT SCHOOL DISTRICT,True,True,,
1438,Driscoll ISD,True,True,,
865,Dublin Independent School District,True,True,,
1429,Duchesne County School District,True,True,,
963,Duluth Public Schools,True,True,,
1196,Dumas Independent School District,True,True,,
858,Duncanville ISD,True,True,,
1093,Dundee Community Schools,True,True,,
1250,Dunlap School District 323,True,True,,
1727,DuPage Area Occupational Education System,False,False,,
1320,DuPage High School District 88,True,True,,
1741,Dupo CUSD 196,False,False,,
1097,Durand Area Schools,True,True,,
1017,Eagle Mountain-Saginaw ISD,True,True,,
2009,Eagle Pass ISD,True,True,,
1542,Eagle Point School District 9,True,True,,
2033,Early ISD,True,True,,
1665,East Aurora School District 131,True,True,,
715,East Chambers ISD,True,True,,
2609,East China School District,True,True,,
1524,East Grand Forks Public Schools,True,True,,
1629,East Lansing Public Schools,True,True,,
2651,East Mississippi Community College,False,False,,
1688,East Moline School District 37,True,True,,
2279,East Mountain High School,True,True,,
1159,Eastern Carver County Schools,True,True,,
2786,Eastern Upper Peninsula Intermediate School District,True,True,,
3317,Eastland ISD,True,True,,
1944,Eastpointe Community Schools,True,True,,
1639,Eaton RESA,True,True,,
1749,ECHO Joint Agreement,False,False,,
1406,Ector County Independent School District,True,True,,
2492,Ector ISD,True,True,,
1455,Edcouch-Elsa ISD,True,True,,
2821,Eddyville Charter School,True,True,,
1816,Eden Valley-Watkins Schools,True,True,,
844,Edgewood ISD-Bexar County,True,True,,
1298,Edgewood ISD-Van Zandt County,True,True,,
2636,Edina Public Schools,True,True,,
1750,Edinburg Community Unit School District #4,True,True,,
1044,Edinburg Consolidated Independent School District,True,True,,
1614,Edna ISD,True,True,,
1949,Education Service Center Region 13,False,False,,
1988,"Education Service Center, Region 20",False,False,,
1670,Effingham Community Schools,True,True,,
901,El Campo Independent School District,True,True,,
2552,Electra Independent School District,True,True,,
2387,Elk Rapids Schools,True,True,,
1307,Elkhart ISD,True,True,,
2644,Elysian Fields ISD,True,True,,
3325,Emmons School District 33,True,True,,
862,Ennis ISD,True,True,,
846,Era ISD,True,True,,
2123,Española Public Schools District #55,True,True,,
1566,Estacada School District,True,True,,
2064,Estancia Municipal Schools,True,True,,
1549,Eugene School District 4J,True,True,,
722,Eustace ISD,True,True,,
2044,Evadale ISD,True,True,,
1479,Evanston Township High School District 202,True,True,,
1247,Evanston/Skokie School District 65,True,True,,
2017,Evansville Vanderburgh Public Library,False,False,,
1843,Evant ISD,True,True,,
1748,Evergreen Park Elementary SD124,False,False,,
1454,Everman ISD,True,True,,
3314,Exceptional Learners Collaborative,False,False,,
4068,Ezzell ISD,True,True,,
1346,Fabens ISD,True,True,,
695,Fairfield ISD,True,True,,
1937,Falls City ISD,True,True,,
1291,FALLS Education CO-OP,False,False,,
1125,Faribault Public Schools,True,True,,
1008,Farmersville ISD,True,True,,
1154,Farmington Municipal Schools,True,True,,
1087,Farmington Public Schools,True,True,,
1064,Fayetteville Independent School District,True,True,,
1427,FENTON COMMUNITY HIGH SCHOOL DISTRICT 100,True,True,,
1535,Fern Ridge SD 28J,False,False,,
1323,Ferndale Public Schools,True,True,,
2326,Ferris ISD,True,True,,
2038,First 5 LA,False,False,,
2119,First 5 Riverside,False,False,,
1609,Flat Rock Community Schools,True,True,,
1774,Flatonia ISD,True,True,,
1324,Flint Community Schools,True,True,,
1132,Floodwood School District #698,True,True,,
677,Florence Independent School District,True,True,,
1706,Floresville ISD,True,True,,
1439,Flour Bluff Independent School District,True,True,,
2287,Floydada Collegiate ISD,True,True,,
1823,Foley ISD 51,True,True,,
2021,Follett ISD,True,True,,
3194,Forest Grove School District,True,True,,
691,Forest Hills Public Schools,True,True,,
1059,Forest Lake Area Schools,True,True,,
4067,Forest Park Schools,True,True,,
637,Forney ISD,True,True,,
1249,Forrestville Valley School District 221,True,True,,
834,Forsan ISD,True,True,,
649,Fort Bend Independent School District,True,True,,
2300,Fort Hancock Independent School District,True,True,,
1984,Fort Sam Houston ISD,True,True,,
1150,Fort Smith Public Schools,True,True,,
733,Fort Worth ISD,True,True,,
2001,Four Rivers Special Education District,False,False,,
2308,Frank Phillips College,False,False,,
1726,Frankfort CUSD 168,False,False,,
3252,Franklin Community Schools,True,True,,
3218,Franklin Independent School District,True,True,,
2208,FRANKSTON ISD,True,True,,
1115,Fraser Public Schools,True,True,,
1088,"Frazee-Vergas Public Schools, ISD 23",True,True,,
2070,Frederic School District,True,True,,
825,Fredericksburg ISD,True,True,,
1317,Freeland Community School District,True,True,,
1001,Freer ISD,True,True,,
1732,Fremont School District No. 79,True,True,,
1114,Fridley Public Schools,True,True,,
2126,Friendship Public Charter School,True,True,,
3892,Friendswood ISD,True,True,,
1262,Friona ISD,True,True,,
2014,Frisco ISD,True,True,,
2331,Frost ISD,True,True,,
2482,Fruitport Community Schools,True,True,,
1938,Fruitvale ISD,True,True,,
1426,Gail Borden Public Library District,False,False,,
2214,Gainesville ISD,True,True,,
2586,Galena City School District,True,True,,
1860,Galena Park ISD,True,True,,
1505,Galveston College,False,False,,
1941,Galveston Independent School District,True,True,,
2306,Ganado ISD,True,True,,
3241,Garfield School District,True,True,,
1084,Garland Independent School District,True,True,,
730,Garner ISD,True,True,,
2055,Garrison ISD,True,True,,
884,Gary ISD,True,True,,
910,Gatesville ISD,True,True,,
1251,Gavin School District 37,True,True,,
913,Gaylord Community Schools,True,True,,
1667,Geneva CUSD 304,False,False,,
966,Georgetown ISD,True,True,,
1731,Georgetown-Ridge Farm Unit No.4,False,False,,
710,Giddings ISD,True,True,,
1768,Gilmer ISD,True,True,,
2202,Gladewater Independent School District,True,True,,
1363,Glasscock County ISD,True,True,,
2417,Glastonbury Public Schools,True,True,,
1309,Glen Ellyn School District 41,True,True,,
732,Glen Rose Independent School District,True,True,,
1729,Glenbard Township High School Dist #87,True,True,,
1234,Glencoe Public Library,False,False,,
4124,Globe Unified School District,True,True,,
2605,Godley ISD,True,True,,
2747,Gogebic Ontonagon Intermediate School District,True,True,,
780,Goldendale School District,True,True,,
881,Goldthwaite CISD,True,True,,
2600,Goliad ISD,True,True,,
950,Gonzales Independent School District,True,True,,
971,Goodhue County Education District,False,False,,
2502,Goodwill Central Texas/Excel,False,False,,
1195,Goose Creek CISD,True,True,,
1081,Gordon ISD,True,True,,
2393,GPM Life Insurance,False,False,,
987,Grady ISD,True,True,,
800,Graham ISD,True,True,,
772,Granbury ISD,True,True,,
3227,Grand Haven Area Public Schools,True,True,,
948,Grand Prairie Independent School District,True,True,,
824,Grand Saline ISD,True,True,,
3189,Grandfalls-Royalty Independent School District,True,True,,
1755,Grandview ISD,True,True,,
3041,Grandville Public Schools,True,True,,
1848,Granger ISD,True,True,,
2744,Granite School District,True,True,,
1751,Grant Community High School District 124,True,True,,
3326,Grant School District #3,True,True,,
2168,Granton Area School District,True,True,,
734,Grape Creek ISD,True,True,,
1198,Grapevine-Colleyville ISD,True,True,,
1371,Gratiot County Courthouse,False,False,,
1736,Grayslake CHSD 127,False,False,,
1233,Grayson College,False,False,,
763,Greasewood Springs Community Schools,True,True,,
2005,Greater Albany School District 8J,True,True,,
1219,Greenbush Middle River ISD 2683,True,True,,
682,Greenville Electric Utility System (GEUS),False,False,,
1948,Greenville ISD,True,True,,
729,Greenwood Independent School District,True,True,,
1396,Gregory-Portland ISD,True,True,,
3214,Gresham-Barlow School District,True,True,,
670,Groesbeck ISD,True,True,,
1884,Groom Independent School District,True,True,,
1334,Grosse Ile Township Schools,True,True,,
3296,Gulf Coast Protection District,False,False,,
1057,Gull Lake Community Schools,True,True,,
1238,Gunter ISD,True,True,,
1244,Gurnee School District 56,True,True,,
2278,Hale Center ISD,True,True,,
2193,Hallettsville ISD,True,True,,
1976,Hallsville ISD,True,True,,
1630,Hamilton Community Schools,True,True,,
951,Hamilton ISD,True,True,,
917,Hamlin Collegiate ISD,True,True,,
792,Hamshire-Fannett ISD,True,True,,
2645,Hancock County School District,True,True,,
2251,Happy ISD,True,True,,
1180,Harbor Springs Public Schools,True,True,,
1123,Hardin ISD,True,True,,
952,Hardin-Jefferson ISD,True,True,,
1981,Harlandale ISD,True,True,,
1725,Harlem Consolidated School District,True,True,,
1864,Harleton Independent School District,True,True,,
1015,Harlingen Consolidated Independent School District,True,True,,
942,Harmony ISD,True,True,,
1420,Harper Creek Community Schools,True,True,,
1638,Harper Woods School District,True,True,,
2161,Harrison County School Board,True,True,,
1264,Harrison School District 36,True,True,,
1028,Hart Public Schools,True,True,,
937,Harts Bluff ISD,True,True,,
1227,Harvard CUSD 50,False,False,,
1735,Harvey School District 152,True,True,,
2723,Haskell CISD,True,True,,
931,Hastings Public Schools,True,True,,
678,Hawkins Independent School District,True,True,,
1858,Hays CISD,True,True,,
1401,Hazel Crest School District 152 1/2,True,True,,
1527,Hazel Park Schools,True,True,,
2705,Hearne ISD,True,True,,
3207,Heart of Texas Behavioral Health Network,False,False,,
2684,Hedley Independent School District,True,True,,
2585,Helix School District,True,True,,
2578,Hemphill ISD,True,True,,
2241,Hempstead Independent School District,True,True,,
958,Henderson ISD,True,True,,
755,Henrietta ISD,True,True,,
2218,Hereford ISD,True,True,,
2711,Hermantown Community Schools,True,True,,
1544,Hermiston School District,True,True,,
656,Hico ISD,True,True,,
2062,Hidalgo ISD,True,True,,
3342,High Island ISD,True,True,,
1398,Highland ISD,True,True,,
2024,Highland Park ISD- Dallas County,True,True,,
935,Highland Park ISD-Potter County,True,True,,
1074,Hill City School,True,True,,
1013,Hill College,False,False,,
2106,Hill County SSA,False,False,,
953,Hillsboro ISD,True,True,,
1540,Hillsboro School District 1J,True,True,,
1228,Hinckley-Big Rock CUSD No.429,False,False,,
1009,Hitchcock ISD,True,True,,
2290,Holland ISD,True,True,,
1928,Holland Township School,True,True,,
2384,Hollandale School District,True,True,,
1881,Holliday Independent School District,True,True,,
1471,Holly Area Schools,True,True,,
974,Holmes County Consolidated School District,True,True,,
3237,Holt Public Schools,True,True,,
2069,Homedale Jt. School District 370,True,True,,
1742,Homer CCSD 33C,False,False,,
3639,Homewood-Flossmoor Community HSD 233,False,False,,
640,Hondo Independent School District,True,True,,
1224,Honey Grove I.S.D.,True,True,,
2309,Hooks ISD,True,True,,
2035,Horizon Montessori Public Schools,True,True,,
1030,Houghton Lake Community Schools,True,True,,
3045,Houston City College,False,False,,
1861,Howard College,False,False,,
1819,Howard Lake-Waverly-Winsted Public Schools,True,True,,
3605,Howe Independent School District,True,True,,
1421,Howell Public Schools,True,True,,
2013,Hubbard ISD - Hill County,True,True,,
975,Huckabay ISD,True,True,,
1672,Hudson ISD,True,True,,
3245,Hudsonville Public Schools,True,True,,
2641,Huffman ISD,True,True,,
946,Huntington ISD,True,True,,
1422,Huntley Community School District 158,True,True,,
736,Huntsville ISD,True,True,,
961,Huron Intermediate School District,True,True,,
749,Hutto ISD,True,True,,
1529,Hydaburg City School District,True,True,,
2327,Idalou ISD,True,True,,
2697,Iditarod Area School District,True,True,,
701,Illini Central CUSD #189,False,False,,
2652,Illinois Eastern Community Colleges,False,False,,
1730,Illinois School District Agency,True,True,,
941,Imlay City Community Schools,True,True,,
1589,Independent School District #272 Eden Prairie Schools,True,True,,
1332,Independent School District #361,True,True,,
1297,Independent School District 31,True,True,,
1817,Independent School District 316,True,True,,
1516,Independent School District 748,True,True,,
1055,Independent School District 761,True,True,,
1692,Independent School District No. 465,True,True,,
1274,Ingham Intermediate School District,True,True,,
787,Ingleside ISD,True,True,,
3327,Ingram ISD,True,True,,
1201,Intermediate District 287,False,False,,
1033,Intermediate School District 917,True,True,,
3364,Ione School District,True,True,,
1181,Ionia County Intermediate School District,True,True,,
1626,Ionia Public Schools,True,True,,
2788,Iowa Park CISD,True,True,,
1440,Ira ISD,True,True,,
3319,Irion County ISD,True,True,,
2749,Iron Mountain Public Schools,True,True,,
828,Irving Independent School District,True,True,,
1743,ISD #186 - Pequot Lakes Public Schools,True,True,,
1352,ISD #696 - Ely Public Schools,True,True,,
1694,ISD 199 Inver Grove Heights Schools,True,True,,
1696,ISD 640-Wabasso Public Schools,True,True,,
2171,Italy Independent School District,True,True,,
835,Itasca Independent School District,True,True,,
1744,Itasca School District #10,True,True,,
1387,J. Sterling Morton High School District 201,True,True,,
1999,Jackson County School District,True,True,,
778,Jackson Local Schools,True,True,,
1207,Jacksonville ISD,True,True,,
1241,Jacksonville School District #117,True,True,,
1933,Jarrell ISD,True,True,,
2063,Jasper ISD,True,True,,
2477,Jayton-Girard ISD,True,True,,
982,Jefferson Independent School District,True,True,,
1644,Jenison Public Schools,True,True,,
2328,Jim Hogg County ISD,True,True,,
1441,Jim Ned Consolidated Independent School District,True,True,,
1212,Joliet Township High School District 204,True,True,,
2523,Jonesboro Elementary School District 43,True,True,,
2825,Joppa - Maple Grove Unit District #38,False,False,,
3248,Jordan School District,True,True,,
1773,Jordan School District #717,True,True,,
759,Joshua Independent School District,True,True,,
1836,Jourdanton Independent School District,True,True,,
1500,Juab School District,True,True,,
1434,Judson ISD,True,True,,
753,Junction Independent School District,True,True,,
3915,Kalamazoo Public Schools,True,True,,
1619,Kalamazoo RESA,True,True,,
2092,Kaleva Norman Dickson School District / Bear Lake Schools,True,True,,
3197,Karnack ISD,True,True,,
977,Karnes City ISD,True,True,,
2293,Kaufman Independent School District,True,True,,
1849,Keene ISD,True,True,,
1389,Keeneyville School District 20,True,True,,
2320,Keller Independent School District,True,True,,
2321,Kelton ISD,True,True,,
2338,Kemp Independent School District,True,True,,
2201,Kenedy County-Wide Common School District,True,True,,
1746,Kenedy ISD-Karnes County,True,True,,
1676,Kennard ISD,True,True,,
2219,Kennedale Independent School District,True,True,,
2131,Kenosha Unified School District,True,True,,
2589,Kent ISD,True,True,,
1753,Kentucky State Board of Licensure for Professional Engineers,False,False,,
1811,Kenyon Wanamingo Schools,True,True,,
897,Kerens Independent School District,True,True,,
2213,Kermit ISD,True,True,,
684,Kerrville Independent School District,True,True,,
2139,Kewaunee School District,True,True,,
2806,Kildeer Countryside School District 96,True,True,,
1011,Kilgore College,False,False,,
920,Kilgore ISD,True,True,,
2623,Killdeer Public School,True,True,,
1051,Killeen Independent School District,True,True,,
2856,Kindred School District,True,True,,
2778,King County Library System,False,False,,
2354,Kingsley Area Schools,True,True,,
2237,Kingsville ISD,True,True,,
954,Kirbyville CISD,True,True,,
3193,Kittson Central School District,True,True,,
1570,Klamath County School District,True,True,,
1567,Klamath Falls City Schools,True,True,,
921,Klein Independent School District,True,True,,
709,KMS Public School,True,True,,
3297,Kodiak Island Borough School District,True,True,,
1230,Komarek School District 94,True,True,,
1403,Kountze ISD,True,True,,
717,Krum ISD,True,True,,
1835,LA FERIA INDEPENDENT SCHOOL DISTRICT,True,True,,
766,La Grange Independent School District,True,True,,
3263,La Joya Independent School District,True,True,,
767,La Porte Independent School District,True,True,,
960,La Pryor ISD,True,True,,
870,La Vega ISD,True,True,,
1470,La Vernia ISD,True,True,,
1962,La Villa ISD,True,True,,
1983,Lackland ISD,True,True,,
1838,Lafayette School Corporation,True,True,,
3631,Lago Vista ISD,True,True,,
1728,LaGrange School District 105,True,True,,
1520,Laguna Department of Education,False,False,,
1232,Lake and Peninsula School District,True,True,,
1265,Lake Bluff School District 65,True,True,,
1557,Lake County School District 7,True,True,,
1690,Lake Crystal Wellcome Memorial Schools,True,True,,
859,Lake Dallas Independent School District,True,True,,
1518,Lake Orion Community Schools,True,True,,
2582,Lake Pend Oreille School District #84,True,True,,
2056,Lake Ridge Schools,True,True,,
1620,Lake Shore Public Schools,True,True,,
900,Lake Travis Independent School District,True,True,,
1255,Lake Villa School District 41,True,True,,
842,Lake Worth ISD,True,True,,
2129,Lakeland Joint School District No. 272,True,True,,
1617,Lakeshore Public Schools,True,True,,
1070,Lakeview Community Schools,True,True,,
1089,Lakeview Public Schools,True,True,,
1167,Lakeview School District,True,True,,
1160,Lakeville District Schools,True,True,,
698,Lakeway MUD,False,False,,
902,Lakewood Public Schools,True,True,,
2273,Lamar CISD,True,True,,
782,Lamar County School District,True,True,,
686,Lamesa ISD,True,True,,
1901,Lampasas Independent School District,True,True,,
743,Lancaster ISD,True,True,,
1565,Lane Education Service District,False,False,,
1579,Lansing School District,True,True,,
3262,Lansing School District 158,True,True,,
993,Lapeer Community Schools,True,True,,
1134,Laporte Public Schools #306,True,True,,
700,LaPoynor ISD,True,True,,
2181,Laredo College,False,False,,
2520,Laredo Independent School District,True,True,,
2296,Lasara Independent School District,True,True,,
2196,Latexo Independent School District,True,True,,
1622,Lawton Community Schools,True,True,,
1666,Le Sueur-Henderson Public Schools,True,True,,
706,Leakey ISD,True,True,,
795,Leander ISD,True,True,,
747,Lee College,False,False,,
3903,Lee College Foundation,False,False,,
985,Lee County Schools,True,True,,
973,Lefors ISD,True,True,,
1271,Lemont High School District 210,True,True,,
1996,Leon ISD,True,True,,
2562,Lester Prairie Schools,True,True,,
2283,Levelland ISD,True,True,,
2780,Lewis County Schools,True,True,,
2341,Lewiston-Altura Public Schools,True,True,,
1194,Lewisville Independent School District,True,True,,
1257,Lexington ISD,True,True,,
1259,Leyden High School District 212,True,True,,
929,Liberty Hill ISD,True,True,,
725,Liberty Independent School District,True,True,,
822,Liberty-Eylau ISD,True,True,,
1784,Libertyville Elementary District 70,False,False,,
2565,Lincoln County School District,True,True,,
2505,Lincoln ESD 156,True,True,,
1204,Lincolnshire-Prairie View School District 103,True,True,,
1270,Lincolnwood District 74,False,False,,
3408,Linda Sokol Francis Brookfield Library,False,False,,
2191,Lindale ISD,True,True,,
739,Linden-Kildare CISD,True,True,,
1578,Lindop School District 92,True,True,,
1875,Lindsay ISD,True,True,,
1947,Lipan ISD,True,True,,
1795,Lisle CUSD 202,False,False,,
807,Little Cypress-Mauriceville CISD,True,True,,
860,Little Elm ISD,True,True,,
903,Little Falls Community Schools,True,True,,
1664,Livingston ISD,True,True,,
1615,Livonia Public Schools School District,True,True,,
681,Llano ISD,True,True,,
714,Lockhart Independent School District,True,True,,
3335,Lockney ISD,True,True,,
1496,Lockport School District 91,True,True,,
740,Lombard School District 44,True,True,,
996,London Independent School District,True,True,,
2315,Lone Oak Independent School District,True,True,,
1444,Long Prairie-Grey Eagle Public Schools,True,True,,
2235,Longview ISD,True,True,,
4037,Loraine ISD,True,True,,
933,Lorena ISD,True,True,,
2435,Lorenzo ISD,True,True,,
2696,Los Alamos Public Schools,True,True,,
887,Los Fresnos CISD,True,True,,
2107,Louise ISD,True,True,,
2594,Louisiana  Citizens Property Insurance Corporation,False,False,,
856,Lovejoy Independent School District,True,True,,
1078,Lovelady Independent School District,True,True,,
869,Lubbock Independent School District,True,True,,
1703,Lubbock-Cooper ISD,True,True,,
1156,Luling ISD,True,True,,
851,Lumberton ISD,True,True,,
1489,Lyford CISD,True,True,,
2421,Lyme-Old Lyme Schools,True,True,,
1027,Lyon County School District,True,True,,
1785,Lyons School District 103,True,True,,
1797,Lyons Township High School District 204,True,True,,
1872,Lytle Independent School District,True,True,,
1915,Mabank Independent School District,True,True,,
1312,Macomb Community College,False,False,,
1640,Madison District Public Schools,True,True,,
2416,Madison Public Schools,True,True,,
2059,Madisonville CISD,True,True,,
793,Magnolia ISD,True,True,,
3264,Mahnomen ISD 432,True,True,,
1077,Mahtomedi Public Schools,True,True,,
653,Malakoff Independent School District,True,True,,
2947,Mandaree School District,True,True,,
3363,Manhattan School District 114,True,True,,
1636,Manistee Area Public Schools,True,True,,
1079,Manistee Intermediate School District,True,True,,
938,Manor Independent School District,True,True,,
1116,Mansfield ISD,True,True,,
1832,Maple Lake Public Schools,True,True,,
805,Marathon ISD,True,True,,
1042,Marble Falls ISD,True,True,,
2789,Marengo CHSD 154,False,False,,
1525,Marengo Union Elementary CSD 165,False,False,,
1076,Marfa ISD,True,True,,
1985,Marion ISD,True,True,,
1890,Marlin Independent School District,True,True,,
1137,Marquette Alger Regional Educational Service Agency,False,False,,
1492,Marquette Public Schools,True,True,,
798,Marshall Independent School District,True,True,,
2436,Mart ISD,True,True,,
2240,Martin's Mill ISD,True,True,,
1280,Martinsville ISD,True,True,,
2077,Mary M. Knight School District,True,True,,
1905,Mason ISD,True,True,,
1099,Mason Public Schools,True,True,,
2742,Mathis Independent School District,True,True,,
1508,Mattawan Consolidated School,True,True,,
1889,Maud ISD,True,True,,
863,Maypearl ISD,True,True,,
2352,Mayville Community Schools,True,True,,
1713,Maywood School District 89,True,True,,
1045,McAllen Independent School District,True,True,,
2127,McCall-Donnelly Jt. School District No. 421,True,True,,
2015,McCamey ISD,True,True,,
2814,McDade ISD,True,True,,
1757,McFarland School District,True,True,,
2118,McKinney ISD,True,True,,
1482,McLean County Unit District No. 5,False,False,,
2654,McLean ISD,True,True,,
3991,McLennan Community College,False,False,,
879,McMullen County ISD,True,True,,
3922,Mead School District,True,True,,
2250,Meadow ISD,True,True,,
1173,Medford Public School,True,True,,
1545,Medford School District,True,True,,
702,Medina Independent School District,True,True,,
760,Medina Valley ISD,True,True,,
716,Melissa ISD,True,True,,
847,Memphis ISD,True,True,,
940,Menahga Public School District 821,True,True,,
1091,Mendon Community Schools,True,True,,
2543,Mendota CCSD 289,False,False,,
1330,Mendota High School,True,True,,
2182,Mercedes ISD,True,True,,
1268,Meridian CUSD 223,False,False,,
1399,Merkel Independent School District,True,True,,
1314,Mesquite ISD,True,True,,
2386,Metamora CCSD 1,False,False,,
1752,Mexia ISD,True,True,,
2286,Meyersville ISD,True,True,,
1883,Miami Independent School District,True,True,,
1624,Michigan Center Schools,True,True,,
2174,Michigan Independent Colleges & Universities,False,False,,
1582,Middle Rio Grande Development Council,False,False,,
2423,Middletown Public Schools,True,True,,
3303,Midland County ESA,False,False,,
641,Midland Independent School District,True,True,,
1700,Midlothian ISD,True,True,,
1808,Mid-State Education District,False,False,,
1669,Mid-Valley Special Education Cooperative,False,False,,
728,Midway ISD,True,True,,
1206,Midwest Central CUSD #191,False,False,,
2998,Milam Appraisal District,False,False,,
3085,Milam County Commissioners Court,False,False,,
1771,Milano ISD,True,True,,
1032,Mildred ISD,True,True,,
1337,Miles ISD,True,True,,
2800,Mill Creek Academy,True,True,,
976,Miller Grove ISD,True,True,,
2551,Millington Community Schools,True,True,,
1603,Millsap ISD,True,True,,
1486,Millstadt CCSD 160,False,False,,
1546,Milton Freewater School District,True,True,,
2269,Mineola Independent School District,True,True,,
3320,Mineral County School District,True,True,,
2067,Mineral Point Schools,True,True,,
957,Mineral Wells Independent School District,True,True,,
2041,Minidoka County School District,True,True,,
1807,Minneapolis Public Schools Board of Education,True,True,,
1131,Minnesota State Academies Board,False,False,,
1335,Minnewaska Area Schools,True,True,,
1417,Minooka Community High School,True,True,,
741,Mission Consolidated Independent School District,True,True,,
979,Mississippi Department of Education,False,False,,
1272,Mississippi State Port Authority,False,False,,
2678,Mitchell School District,True,True,,
1269,Mokena School District 159,True,True,,
1539,Molalla River School District,True,True,,
1787,Moline-Coal Valley School District No. 40,True,True,,
1958,Monahans-Wickett-Pyote ISD,True,True,,
1641,Monroe Public Schools,True,True,,
1643,Montabella Community Schools,True,True,,
1313,Montcalm Area Intermediate School District,True,True,,
784,Monte Alto ISD,True,True,,
2489,Montevideo Public Schools,True,True,,
2239,Montgomery ISD,True,True,,
2220,Moody Independent School District,True,True,,
2782,MOREgroup,False,False,,
4066,Morgan County School District,True,True,,
1596,Morris Area Public Schools,True,True,,
1322,Morris Elementary School District #54,True,True,,
1536,Morrow County School District,True,True,,
1887,Motley County ISD,True,True,,
1960,Moulton ISD,True,True,,
1631,Mount Clemens Community Schools,True,True,,
768,Mount Pleasant Independent School District,True,True,,
2414,Mount Pulaski CUSD #23,False,False,,
1806,"Mount Vernon City Schools, District 80",True,True,,
4019,Mountain Institute CTED,False,False,,
2679,Mt. Pleasant Public Schools,True,True,,
1766,Mt. Vernon Independent School District,True,True,,
1199,Mt. Vernon Township High School,True,True,,
1781,Muenster ISD,True,True,,
1765,Muleshoe Independent School District,True,True,,
1151,Mullin ISD,True,True,,
1538,Multnomah Education Service District,False,False,,
1021,Munday CISD,True,True,,
3913,Mundelein Elementary School District,True,True,,
3912,Mundelein High School,True,True,,
2231,Murchison ISD,True,True,,
1637,Muskegon Area ISD,True,True,,
786,Nacogdoches ISD,True,True,,
3481,Napoleon Community Schools,True,True,,
688,Natalia ISD,True,True,,
1383,Navarro Independent School District,True,True,,
1869,Navasota ISD,True,True,,
1830,Naytahwaush Community Charter School,True,True,,
2810,NDSBA Test Member School DISTRICT,True,True,,
1560,Neah-Kah-Nie School District No. 56,True,True,,
2253,Neches ISD,True,True,,
932,Nederland Independent School District,True,True,,
1347,Needville ISD,True,True,,
1621,Negaunee Public Schools,True,True,,
1279,Neoga Community Unit School District #3,True,True,,
1693,Nevis Public Schools - ISD 308,True,True,,
4092,New Auburn School District,True,True,,
2004,New Berlin CUSD # 16,False,False,,
1126,New Boston ISD,True,True,,
1512,New Braunfels ISD,True,True,,
1056,New Buffalo Area Schools,True,True,,
2256,New Caney Independent School District,True,True,,
2798,New Deal ISD,True,True,,
872,New Diana ISD,True,True,,
2755,New Town Public Schools,True,True,,
883,New Waverly ISD,True,True,,
3234,Newcastle Independent School District,True,True,,
2076,Newport School District,True,True,,
1888,Newton ISD,True,True,,
2787,Newtown Public School District,True,True,,
1842,Nicollet Public Schools,True,True,,
1659,Niles Community Schools,True,True,,
2698,Niles Township District for Special Education #807,False,False,,
1293,Niles-Maine District Library,False,False,,
1423,Nippersink School District 2,True,True,,
650,Nixon-Smiley CISD,True,True,,
2117,Nocona Independent School District,True,True,,
1867,Nome Public Schools,True,True,,
2206,Nordheim ISD,True,True,,
776,Normangee ISD,True,True,,
1242,Norridge School District 80,True,True,,
1573,North Bend School District #13,True,True,,
4093,North Boone CUSD 200,False,False,,
1686,North Branch Area Public Schools,True,True,,
1564,North Clackamas School District,True,True,,
2150,North Crawford School District,True,True,,
1336,North DuPage Special Education Cooperative,False,False,,
1897,North East Independent School District,True,True,,
2304,North Hopkins ISD,True,True,,
1049,North Lamar ISD,True,True,,
3600,North Sanpete School District,True,True,,
1548,North Santiam School District 29J,True,True,,
2398,North Shore School District 112,True,True,,
1316,North Slope Borough School District,True,True,,
1556,North Wasco County School District 21,True,True,,
797,North Zulch ISD,True,True,,
1190,Northbrook District 28,False,False,,
2488,Northeast Metro 916,False,False,,
1917,Northeast Texas Community College,False,False,,
779,Northern Area Local Workforce Development Board,False,False,,
1430,Northland Community Schools - ISD 118,True,True,,
3982,Northland Pines School District,True,True,,
2695,Northside ISD,True,True,,
1326,Northville Public Schools,True,True,,
1035,Northwest Arctic Borough School District,True,True,,
2486,Northwest Education Services,False,False,,
1405,Northwest Independent School District,True,True,,
1342,Northwestern Illinois Association,False,False,,
1695,Nova Classical Academy,True,True,,
2699,Novi Community School District,True,True,,
1886,Nueces County Hospital District,False,False,,
1025,Nye County School District,True,True,,
1240,Oak Grove School District 68,True,True,,
1477,Oak Park ESD 97,True,True,,
1012,Oak Park Schools,True,True,,
2002,Oakland Township,False,False,,
2234,Odessa College,False,False,,
2081,O'Donnell ISD,True,True,,
3344,Office of Coordinated Support and Service,False,False,,
752,Ogden City School District,True,True,,
2515,Okemos Public Schools,True,True,,
962,Olton ISD,True,True,,
1245,Olympia CUSD 16,False,False,,
1005,Onalaska Independent School District,True,True,,
2588,Online Only,False,False,,
1188,Ontario School District 8C,True,True,,
2329,Orange Grove ISD,True,True,,
2091,Orangefield Independent School District,True,True,,
1878,Ore City ISD,True,True,,
2146,Oregon State Board of Education,False,False,,
1571,Oregon Trail School District #46,True,True,,
1374,Orion Township,False,False,,
1828,Orono Public Schools,True,True,,
2519,Osseo Area Schools,True,True,,
2043,Oswego Public Library District,False,False,,
1652,Otsego Public Schools,True,True,,
969,Ottawa Area Intermediate School District,True,True,,
1967,Overton ISD,True,True,,
1339,Oxford Community Schools,True,True,,
3243,PACT Charter School,True,True,,
2187,Paducah ISD,True,True,,
1210,Palacios Independent School District,True,True,,
1246,Palestine ISD,True,True,,
683,Palmer Independent School District,True,True,,
2434,Palos Heights School District #128,True,True,,
3362,Palos School District 118,True,True,,
2186,Pampa Independent School District,True,True,,
1756,Pana CUSD #8,False,False,,
967,Panhandle ISD,True,True,,
1189,Panola College,False,False,,
2289,Paradise ISD,True,True,,
687,Paris ISD,True,True,,
1225,Paris Junior College,False,False,,
1929,Parkersburg Utility Board,False,False,,
1541,Parkrose School District 3,True,True,,
1925,Parkview School District,True,True,,
2216,Parshall School District #3,True,True,,
1894,Pasadena Independent School District,True,True,,
1977,Paw Paw CUSD #271,False,False,,
1661,Paw Paw Public Schools,True,True,,
1961,Pawnee ISD,True,True,,
2531,Pearl River Community College,False,False,,
632,Pearsall ISD,True,True,,
2318,Peaster ISD,True,True,,
1656,Peck Community Schools,True,True,,
1877,Pecos-Barstow-Toyah ISD,True,True,,
1595,Pekin Community High School District No. 303,True,True,,
1559,Pendleton School District 16R,True,True,,
2568,Pennfield Schools,True,True,,
1278,Pennoyer School District #79,True,True,,
689,Perryton Independent School District,True,True,,
2344,Petersburg ISD,True,True,,
1532,Petersburg School District,True,True,,
708,Petrolia CISD,True,True,,
1859,Pettus Independent School District,True,True,,
654,Pewitt CISD,True,True,,
2163,Pharr-San Juan-Alamo ISD,True,True,,
2579,Phoenix-Talent Schools,True,True,,
2808,Pickford Public Schools,True,True,,
2530,Pillager School District #116,True,True,,
2105,Pilot Point Independent School District,True,True,,
2564,Pinckney Community Schools,True,True,,
3914,Pinconning Area Schools,True,True,,
1424,Pine River Area Schools,True,True,,
2584,Pine River-Backus Schools,True,True,,
790,Pine Tree Independent School District,True,True,,
3043,Pineywoods Community Academy,True,True,,
1058,Pipestone Area Schools,True,True,,
1450,Pittsburg ISD,True,True,,
823,Plains Independent School District,True,True,,
1882,Plainview ISD,True,True,,
841,Pleasant Grove Independent School District,True,True,,
1789,Pleasant Plains Community Unit District 8,False,False,,
764,Pleasant Valley School District # 62,True,True,,
1289,Pleasantdale School District 107,True,True,,
1980,PLEASANTON INDEPENDENT SCHOOL DISTRICT,True,True,,
1002,Plemons-Stinnett-Phillips CISD,True,True,,
3304,Point Isabel ISD,True,True,,
2363,Ponder Independent School District,True,True,,
1112,Pontiac School District,True,True,,
2342,Pope County,False,False,,
671,Port Aransas ISD,True,True,,
2761,Port Arthur International Seafarer's,False,False,,
2236,Port Arthur ISD,True,True,,
943,Port Huron Area School District,True,True,,
1419,Port Neches-Groves ISD,True,True,,
1217,Port of Orange,False,False,,
1552,Port Orford-Langlois School District 2CJ,True,True,,
2152,Port San Antonio,False,False,,
1448,Port Tampa Bay,False,False,,
1485,Portage Public Schools,True,True,,
915,Portland Public Schools,True,True,,
1094,Post ISD,True,True,,
699,Poth ISD,True,True,,
829,Pottsboro ISD,True,True,,
1431,Prairie Grove CSD 46,False,False,,
2719,Prairie Lea ISD,True,True,,
2317,Prairiland ISD,True,True,,
2221,Premont ISD,True,True,,
827,Presidio ISD,True,True,,
2607,Preston Joint School District #201,True,True,,
3334,Priddy ISD,True,True,,
1770,Princeton Independent School District,True,True,,
1092,Princeton Public Schools - ISD 477,True,True,,
1136,Prior Lake-Savage Area Schools,True,True,,
2340,"Promesa Public Schools, Inc.",True,True,,
1256,Prospect Heights School District 23,True,True,,
2084,Prosper Independent School District,True,True,,
2812,Proviso Area for Exceptional Children,False,False,,
1791,Proviso Township High Schools,True,True,,
3318,Provo City School District,True,True,,
1237,Public Schools of Petoskey,True,True,,
1267,Putnam County CUSD 535,False,False,,
2244,Quanah ISD,True,True,,
1782,Queen Bee School District 16,True,True,,
2198,Queen City ISD,True,True,,
2079,Quinlan Independent School District,True,True,,
926,Quitman Independent School District,True,True,,
644,Rains ISD,True,True,,
1946,Ralls Independent School District,True,True,,
2335,Ramirez CSD,False,False,,
1681,Randolph Field Independent School District,True,True,,
1254,Rankin School District 98,True,True,,
2431,Rantoul City Schools,True,True,,
912,Raymondville ISD,True,True,,
799,Reagan County ISD,True,True,,
3887,Red Bud CUSD 132,False,False,,
1072,Red Lake Schools #38,True,True,,
2324,Red Lick Independent School District,True,True,,
2272,Red Oak ISD,True,True,,
837,Red Wing Public Schools - ISD 256,True,True,,
836,Redwater ISD,True,True,,
2534,Reed City Area Public Schools,True,True,,
2759,Reedsport School District,True,True,,
2532,Refugio ISD,True,True,,
1164,Region 10 Education Service Center,False,False,,
848,Region 11 Education Service Center,False,False,,
1851,Region 12 Education Service Center,False,False,,
906,Region 16 Education Service Center,False,False,,
2804,Region 16 PSP Consolidated ISD Advisory Board,True,True,,
2601,Region 17 Education Service Center,False,False,,
756,Region 18 Education Service Center,False,False,,
1096,Region 3 Education Service Center,False,False,,
2173,Region 4 Education Service Center,False,False,,
1776,Region 5 Educational Service Center,False,False,,
2710,Region 7 Education Service Center,False,False,,
2282,Region 8 Education Service Center,False,False,,
1388,Region One Education Service Center,False,False,,
1006,Reynolds School District,True,True,,
2726,Rhodes School District 84 1/2,True,True,,
1902,Ricardo Independent School District,True,True,,
663,Rice CISD,True,True,,
1016,Rice Independent School District,True,True,,
1986,Richard Milburn Academy,True,True,,
3343,Richards ISD,True,True,,
705,Richardson ISD,True,True,,
1308,Richland County CUSD 1,False,False,,
1786,Richmond-Burton CHSD 157,False,False,,
2404,Ridgeview CUSD #19,False,False,,
2337,Ridgewood High School District 234,True,True,,
3336,Riesel ISD,True,True,,
3005,Riley CCSD 18,False,False,,
3231,Rio Grande City Grulla ISD,True,True,,
916,Rio Vista ISD,True,True,,
1677,River Forest Public Schools,True,True,,
923,River Road ISD,True,True,,
1305,River Trails School District 26,True,True,,
2164,Rivercrest Independent School District,True,True,,
1689,Riverside Brookfield High School,True,True,,
1668,Riverside School District 96,True,True,,
2302,Riviera ISD,True,True,,
964,Robbinsdale Area Schools,True,True,,
2513,Robinson CUSD #2,False,False,,
983,Robinson ISD,True,True,,
1504,Robstown ISD,True,True,,
2012,Roby Consolidated ISD,True,True,,
1073,Rochelle ISD,True,True,,
1341,Rock Island - Milan School District #41,True,True,,
1613,Rock Ridge Public Schools - ISD 2909,True,True,,
2212,Rockdale ISD,True,True,,
1166,"Rockford Area Schools, ISD 883",True,True,,
3040,Rockford Public Schools,True,True,,
854,Rockport-Fulton Independent School District,True,True,,
1351,Rocksprings ISD (069901),True,True,,
2276,Rockwall Independent School District,True,True,,
2020,Rocky Boy Schools,True,True,,
1809,ROCORI SCHOOL DISTRICT 750,True,True,,
1048,Rogers ISD,True,True,,
2323,Roma ISD,True,True,,
1491,Rondout School District 72,True,True,,
727,Roosevelt Independent School District,True,True,,
2792,Ropes Independent School District,True,True,,
2397,Roscoe Collegiate ISD,True,True,,
1498,Roscommon Area Public Schools,True,True,,
1340,Roseau Community School,True,True,,
750,Rosebud-Lott ISD,True,True,,
1680,ROSELLE SCHOOL DISTRICT 12,True,True,,
2473,Roseville Area Schools,True,True,,
1793,Rossville-Alvin CUSD 7,False,False,,
2086,Round Top-Carmine ISD,True,True,,
2229,Royal Independent School District,True,True,,
1657,Royal Oak Schools,True,True,,
1814,Royalton Public Schools,True,True,,
2210,Royse City ISD,True,True,,
882,Runge ISD,True,True,,
1833,Rush City Public Schools,True,True,,
1829,Rushford-Peterson Schools,True,True,,
875,Rusk Independent School District,True,True,,
604,Russell Test,False,False,,
2994,Russellville School District,True,True,,
1436,S & S CISD,True,True,,
843,Sabine Pass Independent School District,True,True,,
1170,Saginaw ISD,True,True,,
1662,Saginaw Public Schools,True,True,,
1171,Saginaw Township Community Schools,True,True,,
1810,Saint Paul Public Schools,True,True,,
1605,Saint Peter Public Schools,True,True,,
1288,Salado ISD,True,True,,
2680,Salt Creek School District 48,True,True,,
2763,Salt Lake City School District,True,True,,
2332,Sam Rayburn ISD,True,True,,
899,San Angelo ISD,True,True,,
1982,San Antonio ISD,True,True,,
2809,San Benito Schools,True,True,,
1179,San Diego Independent School District,True,True,,
2311,San Elizario ISD,True,True,,
775,San Felipe Del Rio CISD,True,True,,
2319,San Isidro ISD,True,True,,
981,San Marcos CISD,True,True,,
2203,San Perlita I.S.D.,True,True,,
646,San Saba ISD,True,True,,
1531,Sandridge School District No. 172,True,True,,
2028,Sands CISD,True,True,,
693,Sanford-Fritch ISD,True,True,,
666,Sanger Independent School District,True,True,,
3257,Santa Fe ISD,True,True,,
2189,Santa Gertrudis ISD,True,True,,
3195,Santa Maria Independent School District,True,True,,
1671,Santa Rosa Independent School District,True,True,,
3310,Santiam Canyon School District,True,True,,
1128,Santo ISD,True,True,,
1653,Saranac Community Schools,True,True,,
1519,SASED Administrative Center,False,False,,
2539,Savoy ISD,True,True,,
1900,Schertz-Cibolo-Universal City ISD,True,True,,
1788,Schiller Park School District 81,True,True,,
2739,Schleicher County ISD,True,True,,
1385,School District 197,True,True,,
1200,School District 206,True,True,,
1675,School District 45,True,True,,
1069,School District 622,True,True,,
2090,School District of Amery,True,True,,
1594,School District of Cameron,True,True,,
1353,School District of Flambeau,True,True,,
1187,School District of Mauston,True,True,,
1698,School District of Mishicot,True,True,,
970,School District of New Glarus,True,True,,
2042,School District of Potosi,True,True,,
1447,School District of River Falls,True,True,,
2087,School District of South Milwaukee,True,True,,
2045,School District of Tomahawk,True,True,,
1772,School District of Turtle Lake,True,True,,
2054,School District of Wauzeka-Steuben,True,True,,
2500,Schoolcraft Community Schools,True,True,,
1852,Schulenburg ISD,True,True,,
2820,Scio School District,True,True,,
838,Scurry-Rosser ISD,True,True,,
1432,Sealy ISD,True,True,,
3046,Seaside School District,True,True,,
867,Seguin ISD,True,True,,
719,Seminole Independent School District,True,True,,
1433,Seymour ISD,True,True,,
2743,SH 130 Municipal Management District No. 1,False,False,,
1215,Shakopee Public Schools,True,True,,
2205,Shallowater ISD,True,True,,
2330,Shamrock ISD,True,True,,
2078,Sharyland ISD,True,True,,
1876,Sheldon ISD,True,True,,
673,Shepherd ISD,True,True,,
1550,Sheridan School District 48J,True,True,,
1921,Shorewood School District,True,True,,
667,Silsbee Independent School District,True,True,,
1569,Silver Falls School District,True,True,,
692,Silverton ISD,True,True,,
2061,Simms ISD,True,True,,
994,Simpson County School District,True,True,,
794,Sinton ISD,True,True,,
2528,Sitka School District,True,True,,
2653,Sivells Bend ISD,True,True,,
1511,Skidmore-Tynan ISD,True,True,,
1402,Skokie School District 68,True,True,,
1794,Skokie School District 69,True,True,,
726,Slaton Independent School District,True,True,,
2602,Slidell ISD,True,True,,
1738,Smithville ISD,True,True,,
1904,Snook ISD,True,True,,
936,Snyder ISD,True,True,,
2313,Socorro ISD,True,True,,
1356,Soda Springs Joint School District,True,True,,
2259,Somerset Independent School District,True,True,,
1777,Somerville ISD,True,True,,
1410,Somonauk CUSD 432,False,False,,
1303,Sonora ISD Administration,True,True,,
1138,South Harrison Community School Corporation,True,True,,
1380,South Holland School District,True,True,,
1827,South Koochiching - Rainy River ISD 363,True,True,,
2343,South San Antonio ISD,True,True,,
1813,South St. Paul Public Schools,True,True,,
4017,South Summit School District,True,True,,
1663,South Texas ISD,True,True,,
2991,South Umpqua School District,True,True,,
1397,Southeast Island School District,True,True,,
3295,Southern Oregon Education Service District,False,False,,
1651,Southfield Public Schools,True,True,,
2466,Southington Public Schools,True,True,,
874,Southside ISD,True,True,,
1979,Southwest ISD,True,True,,
1186,SouthWest Metro Intermediate District 288,False,False,,
1229,Southwest Texas Junior College,False,False,,
2303,Spearman ISD,True,True,,
1213,SPEED S.E.J.A. #802,False,False,,
1602,Splendora ISD,True,True,,
889,Spring Branch Independent School District,True,True,,
771,Spring Hill ISD,True,True,,
2738,Spring Valley Academy,True,True,,
2010,Springlake-Earth ISD,True,True,,
1407,SPRINGTOWN ISD,True,True,,
2247,Spur Independent School District,True,True,,
1803,Spurger ISD,True,True,,
2549,St. Anthony-New Brighton,False,False,,
1612,St. Charles Community Schools,True,True,,
1478,St. Cloud Area School District 742,True,True,,
1764,St. Croix Falls School District,True,True,,
1778,St. Croix Preparatory Academy,True,True,,
1821,St. Francis Area Schools,True,True,,
2007,St. Francis School District,True,True,,
1654,St. Johns Public Schools,True,True,,
2188,St. Joseph County ISD,True,True,,
1820,St. Louis Park Public Schools,True,True,,
1660,St. Louis Public Schools,True,True,,
2535,St. Mary's Charter School,True,True,,
3312,St. Paul City School,True,True,,
1043,Stafford Municipal School District,True,True,,
2420,Stafford Public Schools,True,True,,
1437,Stamford ISD,True,True,,
1124,Standish-Sterling Community Schools,True,True,,
2819,Stanfield School District,True,True,,
2281,Stanton ISD,True,True,,
3187,Starr County Memorial Hospital,False,False,,
1762,STEDY JTED,False,False,,
1799,Stephenville Independent School District,True,True,,
2165,Sterling City ISD,True,True,,
2592,Stillwater Area Public Schools,True,True,,
2051,Stockdale ISD,True,True,,
2307,Stratford ISD,True,True,,
3891,Strawn ISD,True,True,,
1501,Streator Elementary School District #44,True,True,,
2209,Sudan Independent School District,True,True,,
1014,Sulphur Bluff ISD,True,True,,
1046,Sulphur Springs Independent School District,True,True,,
1239,Summit Hill District 161,False,False,,
2480,Sunnybrook School District,True,True,,
1000,Sunnyvale ISD,True,True,,
956,Sunray ISD,True,True,,
2437,Swartz Creek Community Schools,True,True,,
630,Sweeny ISD,True,True,,
2294,Sweetwater ISD,True,True,,
645,Taft ISD,True,True,,
1956,Tahoka ISD,True,True,,
707,Tarkington ISD,True,True,,
2254,Tatum Independent School District,True,True,,
4129,Tawas Area School District,True,True,,
2401,Taylor ISD,True,True,,
2704,Tazewell-Mason Counties Special Education Association,False,False,,
1911,Teague ISD,True,True,,
2681,Tejano Center,False,False,,
1891,Temple College,False,False,,
853,Temple ISD,True,True,,
2082,Tenaha Independent School District,True,True,,
1294,Terrell ISD,True,True,,
577,Test City for Texas,False,False,,
1355,Test Manual,False,False,,
1952,Texans Can Academies,False,False,,
1850,Texarkana College,False,False,,
1913,Texarkana Independent School District,True,True,,
2348,Texas General Counsel Group,False,False,,
2109,Texas School for The Deaf,True,True,,
2066,Texas Southern University,False,False,,
1683,Texas State University System,False,False,,
1185,Texas Woman's University,False,False,,
1927,Texhoma ISD,True,True,,
2288,The Ehrhart School,True,True,,
1847,Thorndale Independent School District,True,True,,
2702,Thornton Fractional THSD 215,False,False,,
1024,Thrall ISD,True,True,,
4094,Three Lakes School District,True,True,,
1934,Three Rivers ISD,True,True,,
796,Three Rivers School District,True,True,,
2673,Three Way ISD,True,True,,
2474,Throckmorton Collegiate ISD,True,True,,
2267,Tidehaven Independent School District,True,True,,
3641,Timpson ISD,True,True,,
2805,Tioga Independent School District,True,True,,
2795,to be removed Marengo CHSD 154,False,False,,
2036,Tom Bean ISD,True,True,,
2199,Tornillo Independent School District,True,True,,
1593,Town of Benson,False,False,,
1372,Town of Cicero,False,False,,
1599,Town of Emerald Isle,False,False,,
928,Town of Horizon City,False,False,,
4074,Township High School District 113,True,True,,
2567,Township High School District 214,True,True,,
3306,Travis Central Appraisal District,False,False,,
1993,Trenton Independent School District,True,True,,
4070,Trial - Clintondale Community Schools,True,True,,
3897,TRIAL - Evergreen Virtual Academy,True,True,,
4018,Trial - Hawthorn District 73,False,False,,
3346,Trial - Patriot Preparatory Academy,True,True,,
3896,TRIAL - Plymouth-Canton Community Schools,True,True,,
3901,TRIAL - Town of Smithfield,False,False,,
3321,TRIAL Fowlerville Community Schools,True,True,,
2748,Tri-County Schools,True,True,,
735,Trinity Independent School District,True,True,,
1302,Troup ISD,True,True,,
1220,Troy 30-C,False,False,,
907,Troy Independent School District,True,True,,
3888,TrueNorth Educational Cooperative 804,False,False,,
3222,TSPC Oregon Teacher Standards & Practices Commission,False,False,,
2284,Tulia Independent School District,True,True,,
643,Tuloso-Midway ISD,True,True,,
1416,Tunica County School District,True,True,,
1648,Tupelo Public School District,True,True,,
3308,Turkey-Quitaque ISD,True,True,,
1932,Tyler ISD,True,True,,
1815,Ubah Medical Academy - ISD 4121,True,True,,
2544,Umatilla-Morrow Head Start,False,False,,
2400,Union City Community Schools,True,True,,
2217,Union Grove ISD,True,True,,
2987,Unionville-Sebewaing Area School District,True,True,,
2029,United ISD,True,True,,
1325,United Township High School District 30,True,True,,
2132,Unity School District,True,True,,
685,University of Houston System,False,False,,
1321,Utica Community Schools,True,True,,
1047,Uvalde Consolidated Independent School District,True,True,,
3889,Valdez City Schools,True,True,,
2037,Valley Mills ISD,True,True,,
922,Valley View ISD - Hidalgo County,True,True,,
1871,Valley View ISD-Cooke County,True,True,,
850,Van Alstyne ISD,True,True,,
1474,Van Buren ISD,True,True,,
2346,Van Buren Public Schools,True,True,,
1879,Van Independent School District,True,True,,
742,Van Vleck ISD,True,True,,
2068,Vega ISD,True,True,,
636,Venus Independent School District,True,True,,
2339,Veribest ISD,True,True,,
1442,Vernon Independent School District,True,True,,
1649,Vicksburg Community Schools,True,True,,
1004,Vidor Independent School District,True,True,,
2048,Vienna Township,False,False,,
1950,Vigo County Public Library,False,False,,
1130,Village of Maywood,False,False,,
1965,Waco Independent School District,True,True,,
1513,Waconia Public Schools,True,True,,
876,Waelder ISD,True,True,,
3904,Walden on Lake Conroe (HOA),False,False,,
1818,Walker-Hackensack-Akeley Schools,True,True,,
997,Walla Walla Public Schools,True,True,,
927,Walled Lake Consolidated School District,True,True,,
737,Waller ISD,True,True,,
1685,Walthall County School Board,True,True,,
1991,Warren ISD,True,True,,
1590,Washington Community High School,True,True,,
1493,Washington District 50 Schools,True,True,,
1052,Waskom ISD,True,True,,
2222,Water Valley ISD,True,True,,
1610,Waterford Union High School,True,True,,
1868,Waterloo CUSD No. 5,False,False,,
1222,Waterville-Elysian-Morristown School District,True,True,,
1924,Waunakee Community School District,True,True,,
1360,Wausau School District,True,True,,
2794,Wauseon Exempted Village Schools,True,True,,
1086,Waverly Community Schools,True,True,,
1912,Wawasee Community School Corporation,True,True,,
765,Waxahachie Independent School District,True,True,,
1576,Wayne School District,True,True,,
3405,Wayne-Westland Community Schools,True,True,,
1040,Wayzata Public Schools,True,True,,
992,Weatherford Independent School District,True,True,,
2612,Webb CISD,True,True,,
1523,Weber School District,True,True,,
785,Weimar ISD,True,True,,
2098,Wellington ISD,True,True,,
2040,Wellman-Union ISD,True,True,,
2555,WESLACO INDEPENDENT SCHOOL DISTRICT,True,True,,
1597,West Allis-West Milwaukee Schools,True,True,,
2136,West Bonner County School District 83,True,True,,
1480,West Branch - Rose City Area Schools,True,True,,
1253,West Carroll CUSD 314,False,False,,
1758,West Chicago Elementary School District 33,True,True,,
1176,West Hanover Township,False,False,,
989,West Hardin County CISD,True,True,,
1691,West Harvey-Dixmoor School District 147,True,True,,
821,West Independent School District,True,True,,
2690,West Iron Public Schools,True,True,,
1543,West Linn-Wilsonville School District,True,True,,
2102,West Orange-Cove CISD,True,True,,
2322,West Oso ISD,True,True,,
2764,West Ottawa Public Schools,True,True,,
2295,West Rusk County Consolidated ISD,True,True,,
1141,West Sabine ISD,True,True,,
2073,Westbrook ISD,True,True,,
3365,Westchester Public Schools,True,True,,
1106,Western School District,True,True,,
2828,Westhoff ISD,True,True,,
2468,Weston Public Schools,True,True,,
1650,Westwood Community School District,True,True,,
1165,Westwood Heights Schools,True,True,,
2047,Westwood Independent School District,True,True,,
1026,Wexford-Missaukee ISD,True,True,,
2052,Wharton County Junior College,False,False,,
808,Wharton ISD,True,True,,
1414,White Deer Independent School District,True,True,,
2248,White Oak ISD,True,True,,
1404,White Settlement ISD,True,True,,
1841,Whitehouse ISD,True,True,,
1601,Whitesboro Independent School District,True,True,,
2245,Whitney Independent School District,True,True,,
676,Wichita Falls Independent School District,True,True,,
2260,Wildorado ISD,True,True,,
1292,Will County School District 92,True,True,,
2185,Williston Basin School District #7,True,True,,
873,Wills Point ISD,True,True,,
1674,Wilmington CUSD 209U,False,False,,
2301,Wimberley Independent School District,True,True,,
2781,Windom Area Schools,True,True,,
1118,Windthorst ISD,True,True,,
2811,Win-E-Mac Schools,True,True,,
1425,Winfield School District 34,True,True,,
1184,Wink-Loving ISD,True,True,,
738,Winnsboro Independent School District,True,True,,
925,Winona ISD,True,True,,
1221,Winston Dillard School District,True,True,,
1415,Winters ISD,True,True,,
1800,Woden ISD,True,True,,
1494,Wolfe City ISD,True,True,,
1449,Wonewoc-Union Center School District,True,True,,
1191,Wood Dale School District 7,True,True,,
1562,Woodburn School District,True,True,,
1473,Woodhaven-Brownstown School District,True,True,,
1739,Woodland School District 50,True,True,,
1790,Woodridge School District 68,True,True,,
1277,Woodstock Community Unit School District 200,True,True,,
769,Woodville ISD,True,True,,
1783,Workers' Compensation Self-Insurance Trust,False,False,,
751,Workforce Solutions Alamo,False,False,,
893,WRUSD,False,False,,
2275,Wylie Independent School District,True,True,,
3480,Wylie ISD (Collin County),True,True,,
696,Yantis ISD,True,True,,
1157,Yellow Medicine East ISD 2190,True,True,,
2312,Ysleta Independent School District,True,True,,
2391,Yukon Flats School District,True,True,,
2305,Zapata County Independent School District,True,True,,
1476,Zion Elementary School District 6,True,True,,
2039,Zionsville Community Schools,True,True,,
